gov,Date,temp,precip,death,ArGov_sentPos,ArGov_sentNeg,Gov_eventsAll,ArGov_insVioMin_buzz,death_lag,temp_lag,precip_lag,events_lag,sentPos_lag_ar,sentNeg_lag_ar,insVioMin_buzz_lag,death_diff,sentPos_diff_ar,sentNeg_diff_ar,events_diff,insVioMin_buzz_diff,stat_prov_id
Anbar,2015-02-12,56.64183673469387,0.001224489795918367,209,2967,5113,59,308.0,83.0,50.92755102040817,0.00020408163265306123,62.0,3307.0,4137.0,133.0,126.0,-340.0,976.0,-3.0,175.0,0
Babylon,2015-02-12,58.939285714285724,0.002857142857142857,2,83,49,2,9.0,7.0,54.24107142857143,0.0,3.0,54.0,11.0,0.0,-5.0,29.0,38.0,-1.0,9.0,1
Baghdad,2015-02-12,58.294444444444444,0.0,235,1431,1489,365,93.0,163.0,52.73095238095237,0.0013492063492063493,259.0,1518.0,1936.0,69.0,72.0,-87.0,-447.0,106.0,24.0,2
Diyala,2015-02-12,58.277380952380945,0.006666666666666667,13,553,571,31,16.0,91.0,53.52738095238095,0.005595238095238096,42.0,344.0,885.0,16.0,-78.0,209.0,-314.0,-11.0,0.0,3
Erbil,2015-02-12,50.03571428571428,0.027023809523809523,1,533,721,43,29.0,1.0,47.12142857142857,0.041785714285714294,55.0,567.0,1022.0,26.0,0.0,-34.0,-301.0,-12.0,3.0,4
Kirkuk,2015-02-12,54.260714285714286,0.0071428571428571435,28,554,1517,83,61.0,12.0,50.51071428571429,0.0062499999999999995,8.0,65.0,108.0,3.0,16.0,489.0,1409.0,75.0,58.0,5
Ninewa,2015-02-12,50.97321428571429,0.002321428571428572,95,2196,2616,43,230.0,194.0,47.97946428571429,0.045892857142857145,56.0,4197.0,2396.0,254.0,-99.0,-2001.0,220.0,-13.0,-24.0,6
Salahal Din,2015-02-12,57.41938775510204,0.006428571428571429,110,450,1457,61,33.0,118.0,52.885714285714286,0.003367346938775511,29.0,235.0,337.0,11.0,-8.0,215.0,1120.0,32.0,22.0,7
Anbar,2015-02-26,52.88061224489796,0.02408163265306123,453,3322,4576,109,345.0,209.0,56.64183673469387,0.001224489795918367,59.0,2967.0,5113.0,308.0,244.0,355.0,-537.0,50.0,37.0,0
Babylon,2015-02-26,55.5125,0.011428571428571429,0,72,28,0,6.0,2.0,58.939285714285724,0.002857142857142857,2.0,83.0,49.0,9.0,-2.0,-11.0,-21.0,-2.0,-3.0,1
Baghdad,2015-02-26,54.028571428571425,0.02023809523809524,168,1258,1227,600,311.0,235.0,58.294444444444444,0.0,365.0,1431.0,1489.0,93.0,-67.0,-173.0,-262.0,235.0,218.0,2
Diyala,2015-02-26,53.519047619047626,0.04166666666666667,26,558,184,16,59.0,13.0,58.277380952380945,0.006666666666666667,31.0,553.0,571.0,16.0,13.0,5.0,-387.0,-15.0,43.0,3
Erbil,2015-02-26,44.66785714285714,0.05107142857142858,0,576,596,68,45.0,1.0,50.03571428571428,0.027023809523809523,43.0,533.0,721.0,29.0,-1.0,43.0,-125.0,25.0,16.0,4
Kirkuk,2015-02-26,49.64107142857143,0.03232142857142857,22,250,209,20,45.0,28.0,54.260714285714286,0.0071428571428571435,83.0,554.0,1517.0,61.0,-6.0,-304.0,-1308.0,-63.0,-16.0,5
Ninewa,2015-02-26,46.13125,0.07258928571428572,41,2089,2695,74,460.0,95.0,50.97321428571429,0.002321428571428572,43.0,2196.0,2616.0,230.0,-54.0,-107.0,79.0,31.0,230.0,6
Salahal Din,2015-02-26,52.69795918367348,0.0323469387755102,73,517,440,42,118.0,110.0,57.41938775510204,0.006428571428571429,61.0,450.0,1457.0,33.0,-37.0,67.0,-1017.0,-19.0,85.0,7
Anbar,2015-03-14,62.02767857142857,0.002767857142857143,145,4564,5677,90,311.0,453.0,52.88061224489796,0.02408163265306123,109.0,3322.0,4576.0,345.0,-308.0,1242.0,1101.0,-19.0,-34.0,0
Babylon,2015-03-14,63.346875000000004,0.0009375,77,80,58,0,12.0,0.0,55.5125,0.011428571428571429,0.0,72.0,28.0,6.0,77.0,8.0,30.0,0.0,6.0,1
Baghdad,2015-03-14,62.17847222222222,0.0008333333333333334,216,1941,1438,554,126.0,168.0,54.028571428571425,0.02023809523809524,600.0,1258.0,1227.0,311.0,48.0,683.0,211.0,-46.0,-185.0,2
Diyala,2015-03-14,62.92083333333334,0.002916666666666667,79,1293,501,16,77.0,26.0,53.519047619047626,0.04166666666666667,16.0,558.0,184.0,59.0,53.0,735.0,317.0,0.0,18.0,3
Erbil,2015-03-14,52.01250000000001,0.021770833333333333,0,901,1022,68,32.0,0.0,44.66785714285714,0.05107142857142858,68.0,576.0,596.0,45.0,0.0,325.0,426.0,0.0,-13.0,4
Kirkuk,2015-03-14,57.965624999999996,0.01234375,3,267,512,44,27.0,22.0,49.64107142857143,0.03232142857142857,20.0,250.0,209.0,45.0,-19.0,17.0,303.0,24.0,-18.0,5
Ninewa,2015-03-14,52.68984375000001,0.03453125,96,5613,3073,173,367.0,41.0,46.13125,0.07258928571428572,74.0,2089.0,2695.0,460.0,55.0,3524.0,378.0,99.0,-93.0,6
Salahal Din,2015-03-14,61.54821428571429,0.0069642857142857145,142,3822,2536,459,394.0,73.0,52.69795918367348,0.0323469387755102,42.0,517.0,440.0,118.0,69.0,3305.0,2096.0,417.0,276.0,7
Anbar,2015-03-26,64.14642857142857,0.06095238095238095,87,2940,3844,76,58.0,145.0,62.02767857142857,0.002767857142857143,90.0,4564.0,5677.0,311.0,-58.0,-1624.0,-1833.0,-14.0,-253.0,0
Babylon,2015-03-26,64.76250000000002,0.059166666666666666,0,117,38,2,1.0,77.0,63.346875000000004,0.0009375,0.0,80.0,58.0,12.0,-77.0,37.0,-20.0,2.0,-11.0,1
Baghdad,2015-03-26,64.28981481481482,0.0625,157,1205,1253,287,55.0,216.0,62.17847222222222,0.0008333333333333334,554.0,1941.0,1438.0,126.0,-59.0,-736.0,-185.0,-267.0,-71.0,2
Diyala,2015-03-26,64.80416666666667,0.05472222222222222,16,556,265,7,96.0,79.0,62.92083333333334,0.002916666666666667,16.0,1293.0,501.0,77.0,-63.0,-737.0,-236.0,-9.0,19.0,3
Erbil,2015-03-26,52.54583333333332,0.18013888888888888,0,492,631,59,18.0,0.0,52.01250000000001,0.021770833333333333,68.0,901.0,1022.0,32.0,0.0,-409.0,-391.0,-9.0,-14.0,4
Kirkuk,2015-03-26,57.91458333333333,0.044375,56,708,277,22,146.0,3.0,57.965624999999996,0.01234375,44.0,267.0,512.0,27.0,53.0,441.0,-235.0,-22.0,119.0,5
Ninewa,2015-03-26,53.578125,0.029895833333333333,51,2941,2161,48,654.0,96.0,52.68984375000001,0.03453125,173.0,5613.0,3073.0,367.0,-45.0,-2672.0,-912.0,-125.0,287.0,6
Salahal Din,2015-03-26,62.48571428571427,0.05464285714285714,57,2323,2321,175,190.0,142.0,61.54821428571429,0.0069642857142857145,459.0,3822.0,2536.0,394.0,-85.0,-1499.0,-215.0,-284.0,-204.0,7
Anbar,2015-04-10,71.38285714285715,0.013333333333333334,490,4233,2805,58,79.0,87.0,64.14642857142857,0.06095238095238095,76.0,2940.0,3844.0,58.0,403.0,1293.0,-1039.0,-18.0,21.0,0
Babylon,2015-04-10,71.46333333333334,0.024500000000000004,0,189,83,2,7.0,0.0,64.76250000000002,0.059166666666666666,2.0,117.0,38.0,1.0,0.0,72.0,45.0,0.0,6.0,1
Baghdad,2015-04-10,71.40814814814816,0.018000000000000002,159,1401,803,475,38.0,157.0,64.28981481481482,0.0625,287.0,1205.0,1253.0,55.0,2.0,196.0,-450.0,188.0,-17.0,2
Diyala,2015-04-10,72.04666666666667,0.026777777777777782,23,799,549,4,154.0,16.0,64.80416666666667,0.05472222222222222,7.0,556.0,265.0,96.0,7.0,243.0,284.0,-3.0,58.0,3
Erbil,2015-04-10,61.14777777777777,0.02611111111111111,0,896,256,59,73.0,0.0,52.54583333333332,0.18013888888888888,59.0,492.0,631.0,18.0,0.0,404.0,-375.0,0.0,55.0,4
Kirkuk,2015-04-10,66.155,0.01,15,84,62,17,1.0,56.0,57.91458333333333,0.044375,22.0,708.0,277.0,146.0,-41.0,-624.0,-215.0,-5.0,-145.0,5
Ninewa,2015-04-10,62.29999999999999,0.009000000000000001,99,2361,1672,54,776.0,51.0,53.578125,0.029895833333333333,48.0,2941.0,2161.0,654.0,48.0,-580.0,-489.0,6.0,122.0,6
Salahal Din,2015-04-10,70.2152380952381,0.020666666666666667,24,3216,2097,334,214.0,57.0,62.48571428571427,0.05464285714285714,175.0,2323.0,2321.0,190.0,-33.0,893.0,-224.0,159.0,24.0,7
Anbar,2015-04-25,71.06,0.001142857142857143,167,4192,2689,222,56.0,490.0,71.38285714285715,0.013333333333333334,58.0,4233.0,2805.0,79.0,-323.0,-41.0,-116.0,164.0,-23.0,0
Babylon,2015-04-25,73.92833333333333,0.004,35,187,20,0,3.0,0.0,71.46333333333334,0.024500000000000004,2.0,189.0,83.0,7.0,35.0,-2.0,-63.0,-2.0,-4.0,1
Baghdad,2015-04-25,73.02296296296295,0.0,200,1498,934,408,81.0,159.0,71.40814814814816,0.018000000000000002,475.0,1401.0,803.0,38.0,41.0,97.0,131.0,-67.0,43.0,2
Diyala,2015-04-25,74.14555555555556,0.00011111111111111112,44,549,219,11,64.0,23.0,72.04666666666667,0.026777777777777782,4.0,799.0,549.0,154.0,21.0,-250.0,-330.0,7.0,-90.0,3
Erbil,2015-04-25,59.05333333333332,0.0641111111111111,3,561,225,77,34.0,0.0,61.14777777777777,0.02611111111111111,59.0,896.0,256.0,73.0,3.0,-335.0,-31.0,18.0,-39.0,4
Kirkuk,2015-04-25,66.905,0.021666666666666664,58,315,122,31,4.0,15.0,66.155,0.01,17.0,84.0,62.0,1.0,43.0,231.0,60.0,14.0,3.0,5
Ninewa,2015-04-25,60.669166666666676,0.08591666666666666,211,1619,1110,35,186.0,99.0,62.29999999999999,0.009000000000000001,54.0,2361.0,1672.0,776.0,112.0,-742.0,-562.0,-19.0,-590.0,6
Salahal Din,2015-04-25,72.02761904761904,0.004190476190476191,362,2010,1164,144,57.0,24.0,70.2152380952381,0.020666666666666667,334.0,3216.0,2097.0,214.0,338.0,-1206.0,-933.0,-190.0,-157.0,7
Anbar,2015-05-07,79.95714285714286,0.010476190476190477,123,1663,1814,130,44.0,167.0,71.06,0.001142857142857143,222.0,4192.0,2689.0,56.0,-44.0,-2529.0,-875.0,-92.0,-12.0,0
Babylon,2015-05-07,81.48750000000001,0.0,1,149,13,3,4.0,35.0,73.92833333333333,0.004,0.0,187.0,20.0,3.0,-34.0,-38.0,-7.0,3.0,1.0,1
Baghdad,2015-05-07,80.05555555555556,0.017407407407407406,212,651,554,405,36.0,200.0,73.02296296296295,0.0,408.0,1498.0,934.0,81.0,12.0,-847.0,-380.0,-3.0,-45.0,2
Diyala,2015-05-07,81.86527777777778,0.018333333333333333,16,187,79,14,26.0,44.0,74.14555555555556,0.00011111111111111112,11.0,549.0,219.0,64.0,-28.0,-362.0,-140.0,3.0,-38.0,3
Erbil,2015-05-07,69.68194444444444,0.007777777777777779,0,296,118,96,4.0,3.0,59.05333333333332,0.0641111111111111,77.0,561.0,225.0,34.0,-3.0,-265.0,-107.0,19.0,-30.0,4
Kirkuk,2015-05-07,75.78541666666666,0.005833333333333334,2,36,26,2,2.0,58.0,66.905,0.021666666666666664,31.0,315.0,122.0,4.0,-56.0,-279.0,-96.0,-29.0,-2.0,5
Ninewa,2015-05-07,71.78020833333333,0.0035416666666666665,102,1081,742,14,147.0,211.0,60.669166666666676,0.08591666666666666,35.0,1619.0,1110.0,186.0,-109.0,-538.0,-368.0,-21.0,-39.0,6
Salahal Din,2015-05-07,79.91428571428571,0.012857142857142859,4,665,465,60,39.0,362.0,72.02761904761904,0.004190476190476191,144.0,2010.0,1164.0,57.0,-358.0,-1345.0,-699.0,-84.0,-18.0,7
Anbar,2015-05-21,85.76632653061223,0.0003061224489795919,415,1781,1419,373,73.0,123.0,79.95714285714286,0.010476190476190477,130.0,1663.0,1814.0,44.0,292.0,118.0,-395.0,243.0,29.0,0
Babylon,2015-05-21,87.4232142857143,0.009285714285714286,14,47,11,0,2.0,1.0,81.48750000000001,0.0,3.0,149.0,13.0,4.0,13.0,-102.0,-2.0,-3.0,-2.0,1
Baghdad,2015-05-21,86.9531746031746,0.0,155,884,626,340,84.0,212.0,80.05555555555556,0.017407407407407406,405.0,651.0,554.0,36.0,-57.0,233.0,72.0,-65.0,48.0,2
Diyala,2015-05-21,88.60119047619047,0.0,110,156,205,57,16.0,16.0,81.86527777777778,0.018333333333333333,14.0,187.0,79.0,26.0,94.0,-31.0,126.0,43.0,-10.0,3
Erbil,2015-05-21,77.5,0.01142857142857143,0,446,214,88,12.0,0.0,69.68194444444444,0.007777777777777779,96.0,296.0,118.0,4.0,0.0,150.0,96.0,-8.0,8.0,4
Kirkuk,2015-05-21,82.67142857142856,0.009285714285714286,28,36,49,8,5.0,2.0,75.78541666666666,0.005833333333333334,2.0,36.0,26.0,2.0,26.0,0.0,23.0,6.0,3.0,5
Ninewa,2015-05-21,79.02232142857143,0.015714285714285715,84,988,1124,40,110.0,102.0,71.78020833333333,0.0035416666666666665,14.0,1081.0,742.0,147.0,-18.0,-93.0,382.0,26.0,-37.0,6
Salahal Din,2015-05-21,86.56836734693877,0.00489795918367347,33,532,409,62,29.0,4.0,79.91428571428571,0.012857142857142859,60.0,665.0,465.0,39.0,29.0,-133.0,-56.0,2.0,-10.0,7
Anbar,2015-06-04,92.33469387755102,0.00010204081632653062,115,2603,1663,422,102.0,415.0,85.76632653061223,0.0003061224489795919,373.0,1781.0,1419.0,73.0,-300.0,822.0,244.0,49.0,29.0,0
Babylon,2015-06-04,92.71607142857145,0.0,1,68,46,0,6.0,14.0,87.4232142857143,0.009285714285714286,0.0,47.0,11.0,2.0,-13.0,21.0,35.0,0.0,4.0,1
Baghdad,2015-06-04,92.74285714285715,0.0,149,880,623,407,86.0,155.0,86.9531746031746,0.0,340.0,884.0,626.0,84.0,-6.0,-4.0,-3.0,67.0,2.0,2
Diyala,2015-06-04,94.42261904761905,0.0,9,198,124,9,42.0,110.0,88.60119047619047,0.0,57.0,156.0,205.0,16.0,-101.0,42.0,-81.0,-48.0,26.0,3
Erbil,2015-06-04,83.21071428571427,0.006666666666666667,1,337,104,34,15.0,0.0,77.5,0.01142857142857143,88.0,446.0,214.0,12.0,1.0,-109.0,-110.0,-54.0,3.0,4
Kirkuk,2015-06-04,88.90178571428574,0.0005357142857142857,93,55,86,5,4.0,28.0,82.67142857142856,0.009285714285714286,8.0,36.0,49.0,5.0,65.0,19.0,37.0,-3.0,-1.0,5
Ninewa,2015-06-04,84.5125,0.0016071428571428571,78,1207,777,21,115.0,84.0,79.02232142857143,0.015714285714285715,40.0,988.0,1124.0,110.0,-6.0,219.0,-347.0,-19.0,5.0,6
Salahal Din,2015-06-04,92.7469387755102,0.00020408163265306123,2,666,843,85,34.0,33.0,86.56836734693877,0.00489795918367347,62.0,532.0,409.0,29.0,-31.0,134.0,434.0,23.0,5.0,7
Anbar,2015-06-22,92.26825396825396,0.0,171,3403,2603,270,168.0,115.0,92.33469387755102,0.00010204081632653062,422.0,2603.0,1663.0,102.0,56.0,800.0,940.0,-152.0,66.0,0
Babylon,2015-06-22,93.07777777777777,0.0,2,105,22,0,0.0,1.0,92.71607142857145,0.0,0.0,68.0,46.0,6.0,1.0,37.0,-24.0,0.0,-6.0,1
Baghdad,2015-06-22,93.95987654320989,0.0,193,1571,810,404,133.0,149.0,92.74285714285715,0.0,407.0,880.0,623.0,86.0,44.0,691.0,187.0,-3.0,47.0,2
Diyala,2015-06-22,96.67777777777778,0.0,49,287,201,11,59.0,9.0,94.42261904761905,0.0,9.0,198.0,124.0,42.0,40.0,89.0,77.0,2.0,17.0,3
Erbil,2015-06-22,86.85648148148147,0.001851851851851852,0,690,178,57,8.0,1.0,83.21071428571427,0.006666666666666667,34.0,337.0,104.0,15.0,-1.0,353.0,74.0,23.0,-7.0,4
Kirkuk,2015-06-22,92.4986111111111,0.002777777777777778,58,94,72,12,16.0,93.0,88.90178571428574,0.0005357142857142857,5.0,55.0,86.0,4.0,-35.0,39.0,-14.0,7.0,12.0,5
Ninewa,2015-06-22,88.26597222222225,0.001388888888888889,165,2501,1132,52,231.0,78.0,84.5125,0.0016071428571428571,21.0,1207.0,777.0,115.0,87.0,1294.0,355.0,31.0,116.0,6
Salahal Din,2015-06-22,95.47857142857143,0.0,28,1274,658,111,45.0,2.0,92.7469387755102,0.00020408163265306123,85.0,666.0,843.0,34.0,26.0,608.0,-185.0,26.0,11.0,7
Anbar,2015-07-02,92.58000000000001,0.0,171,1320,1104,86,81.0,171.0,92.26825396825396,0.0,270.0,3403.0,2603.0,168.0,0.0,-2083.0,-1499.0,-184.0,-87.0,0
Babylon,2015-07-02,93.52750000000002,0.0,1,52,25,0,8.0,2.0,93.07777777777777,0.0,0.0,105.0,22.0,0.0,-1.0,-53.0,3.0,0.0,8.0,1
Baghdad,2015-07-02,93.21555555555554,0.0,121,521,450,251,58.0,193.0,93.95987654320989,0.0,404.0,1571.0,810.0,133.0,-72.0,-1050.0,-360.0,-153.0,-75.0,2
Diyala,2015-07-02,95.07666666666667,0.0,19,213,82,9,39.0,49.0,96.67777777777778,0.0,11.0,287.0,201.0,59.0,-30.0,-74.0,-119.0,-2.0,-20.0,3
Erbil,2015-07-02,88.33833333333332,0.0,0,363,105,15,20.0,0.0,86.85648148148147,0.001851851851851852,57.0,690.0,178.0,8.0,0.0,-327.0,-73.0,-42.0,12.0,4
Kirkuk,2015-07-02,92.53000000000002,0.0,2,61,22,9,7.0,58.0,92.4986111111111,0.002777777777777778,12.0,94.0,72.0,16.0,-56.0,-33.0,-50.0,-3.0,-9.0,5
Ninewa,2015-07-02,89.945,0.0,224,1053,880,20,125.0,165.0,88.26597222222225,0.001388888888888889,52.0,2501.0,1132.0,231.0,59.0,-1448.0,-252.0,-32.0,-106.0,6
Salahal Din,2015-07-02,94.70285714285714,0.0,10,789,390,28,40.0,28.0,95.47857142857143,0.0,111.0,1274.0,658.0,45.0,-18.0,-485.0,-268.0,-83.0,-5.0,7
Anbar,2015-07-13,98.63376623376622,0.0,303,2427,1738,134,83.0,171.0,92.58000000000001,0.0,86.0,1320.0,1104.0,81.0,132.0,1107.0,634.0,48.0,2.0,0
Babylon,2015-07-13,98.65,0.0,0,94,51,2,6.0,1.0,93.52750000000002,0.0,0.0,52.0,25.0,8.0,-1.0,42.0,26.0,2.0,-2.0,1
Baghdad,2015-07-13,98.56767676767676,0.0,166,373,316,221,38.0,121.0,93.21555555555554,0.0,251.0,521.0,450.0,58.0,45.0,-148.0,-134.0,-30.0,-20.0,2
Diyala,2015-07-13,101.08333333333331,0.0,9,252,138,6,48.0,19.0,95.07666666666667,0.0,9.0,213.0,82.0,39.0,-10.0,39.0,56.0,-3.0,9.0,3
Erbil,2015-07-13,95.38484848484849,0.0,0,365,89,16,28.0,0.0,88.33833333333332,0.0,15.0,363.0,105.0,20.0,0.0,2.0,-16.0,1.0,8.0,4
Kirkuk,2015-07-13,98.7590909090909,0.0,43,131,54,25,17.0,2.0,92.53000000000002,0.0,9.0,61.0,22.0,7.0,41.0,70.0,32.0,16.0,10.0,5
Ninewa,2015-07-13,97.26022727272726,0.0,91,1091,661,15,205.0,224.0,89.945,0.0,20.0,1053.0,880.0,125.0,-133.0,38.0,-219.0,-5.0,80.0,6
Salahal Din,2015-07-13,100.83376623376624,0.0,94,570,328,49,41.0,10.0,94.70285714285714,0.0,28.0,789.0,390.0,40.0,84.0,-219.0,-62.0,21.0,1.0,7
Anbar,2015-07-30,101.62773109243697,0.0,172,6724,4568,260,284.0,303.0,98.63376623376622,0.0,134.0,2427.0,1738.0,83.0,-131.0,4297.0,2830.0,126.0,201.0,0
Babylon,2015-07-30,101.21323529411765,0.0,0,460,130,1,40.0,0.0,98.65,0.0,2.0,94.0,51.0,6.0,0.0,366.0,79.0,-1.0,34.0,1
Baghdad,2015-07-30,101.83725490196076,0.0,199,441,352,465,51.0,166.0,98.56767676767676,0.0,221.0,373.0,316.0,38.0,33.0,68.0,36.0,244.0,13.0,2
Diyala,2015-07-30,103.58235294117647,0.0,32,368,162,32,35.0,9.0,101.08333333333331,0.0,6.0,252.0,138.0,48.0,23.0,116.0,24.0,26.0,-13.0,3
Erbil,2015-07-30,94.5686274509804,0.0,131,320,148,223,22.0,0.0,95.38484848484849,0.0,16.0,365.0,89.0,28.0,131.0,-45.0,59.0,207.0,-6.0,4
Kirkuk,2015-07-30,101.78088235294116,0.0,4,86,91,9,6.0,43.0,98.7590909090909,0.0,25.0,131.0,54.0,17.0,-39.0,-45.0,37.0,-16.0,-11.0,5
Ninewa,2015-07-30,97.51102941176471,0.0,309,1494,1988,48,264.0,91.0,97.26022727272726,0.0,15.0,1091.0,661.0,205.0,218.0,403.0,1327.0,33.0,59.0,6
Salahal Din,2015-07-30,103.8361344537815,0.0,42,835,575,28,62.0,94.0,100.83376623376624,0.0,49.0,570.0,328.0,41.0,-52.0,265.0,247.0,-21.0,21.0,7
Anbar,2015-08-13,103.17142857142858,0.0,96,2200,1105,98,67.0,172.0,101.62773109243697,0.0,260.0,6724.0,4568.0,284.0,-76.0,-4524.0,-3463.0,-162.0,-217.0,0
Babylon,2015-08-13,101.31785714285715,0.0,1,91,47,2,2.0,0.0,101.21323529411765,0.0,1.0,460.0,130.0,40.0,1.0,-369.0,-83.0,1.0,-38.0,1
Baghdad,2015-08-13,102.86587301587302,0.0,166,246,289,389,41.0,199.0,101.83725490196076,0.0,465.0,441.0,352.0,51.0,-33.0,-195.0,-63.0,-76.0,-10.0,2
Diyala,2015-08-13,104.2595238095238,0.0,109,172,180,15,23.0,32.0,103.58235294117647,0.0,32.0,368.0,162.0,35.0,77.0,-196.0,18.0,-17.0,-12.0,3
Erbil,2015-08-13,98.0059523809524,0.0,12,336,163,78,19.0,131.0,94.5686274509804,0.0,223.0,320.0,148.0,22.0,-119.0,16.0,15.0,-145.0,-3.0,4
Kirkuk,2015-08-13,101.86071428571428,0.0,54,151,23,6,19.0,4.0,101.78088235294116,0.0,9.0,86.0,91.0,6.0,50.0,65.0,-68.0,-3.0,13.0,5
Ninewa,2015-08-13,99.01071428571427,0.0,552,1490,587,34,125.0,309.0,97.51102941176471,0.0,48.0,1494.0,1988.0,264.0,243.0,-4.0,-1401.0,-14.0,-139.0,6
Salahal Din,2015-08-13,103.66428571428573,0.0,12,440,197,7,20.0,42.0,103.8361344537815,0.0,28.0,835.0,575.0,62.0,-30.0,-395.0,-378.0,-21.0,-42.0,7
Anbar,2015-08-27,100.38775510204081,0.0,55,1428,629,136,110.0,96.0,103.17142857142858,0.0,98.0,2200.0,1105.0,67.0,-41.0,-772.0,-476.0,38.0,43.0,0
Babylon,2015-08-27,99.51964285714287,0.0,1,31,13,14,7.0,1.0,101.31785714285715,0.0,2.0,91.0,47.0,2.0,0.0,-60.0,-34.0,12.0,5.0,1
Baghdad,2015-08-27,98.76349206349207,0.0,203,213,302,359,41.0,166.0,102.86587301587302,0.0,389.0,246.0,289.0,41.0,37.0,-33.0,13.0,-30.0,0.0,2
Diyala,2015-08-27,101.15238095238094,0.0,11,258,53,7,43.0,109.0,104.2595238095238,0.0,15.0,172.0,180.0,23.0,-98.0,86.0,-127.0,-8.0,20.0,3
Erbil,2015-08-27,93.22738095238094,0.0,1,329,137,48,18.0,12.0,98.0059523809524,0.0,78.0,336.0,163.0,19.0,-11.0,-7.0,-26.0,-30.0,-1.0,4
Kirkuk,2015-08-27,98.56964285714285,0.0,28,56,61,11,16.0,54.0,101.86071428571428,0.0,6.0,151.0,23.0,19.0,-26.0,-95.0,38.0,5.0,-3.0,5
Ninewa,2015-08-27,95.41964285714286,0.0,404,1365,994,91,168.0,552.0,99.01071428571427,0.0,34.0,1490.0,587.0,125.0,-148.0,-125.0,407.0,57.0,43.0,6
Salahal Din,2015-08-27,101.1673469387755,0.0,56,829,454,50,37.0,12.0,103.66428571428573,0.0,7.0,440.0,197.0,20.0,44.0,389.0,257.0,43.0,17.0,7
Anbar,2015-09-10,97.8081632653061,0.00040816326530612246,48,726,1146,122,169.0,55.0,100.38775510204081,0.0,136.0,1428.0,629.0,110.0,-7.0,-702.0,517.0,-14.0,59.0,0
Babylon,2015-09-10,98.54821428571427,0.0,0,27,13,1,1.0,1.0,99.51964285714287,0.0,14.0,31.0,13.0,7.0,-1.0,-4.0,0.0,-13.0,-6.0,1
Baghdad,2015-09-10,97.02539682539681,0.0,143,137,300,349,25.0,203.0,98.76349206349207,0.0,359.0,213.0,302.0,41.0,-60.0,-76.0,-2.0,-10.0,-16.0,2
Diyala,2015-09-10,99.64523809523811,0.0,21,175,113,1,53.0,11.0,101.15238095238094,0.0,7.0,258.0,53.0,43.0,10.0,-83.0,60.0,-6.0,10.0,3
Erbil,2015-09-10,89.0452380952381,0.0047619047619047615,4,281,577,37,258.0,1.0,93.22738095238094,0.0,48.0,329.0,137.0,18.0,3.0,-48.0,440.0,-11.0,240.0,4
Kirkuk,2015-09-10,95.40178571428571,0.002142857142857143,10,147,331,14,3.0,28.0,98.56964285714285,0.0,11.0,56.0,61.0,16.0,-18.0,91.0,270.0,3.0,-13.0,5
Ninewa,2015-09-10,90.51964285714284,0.015178571428571428,322,582,338,27,101.0,404.0,95.41964285714286,0.0,91.0,1365.0,994.0,168.0,-82.0,-783.0,-656.0,-64.0,-67.0,6
Salahal Din,2015-09-10,98.38775510204083,0.0016326530612244899,79,531,257,47,26.0,56.0,101.1673469387755,0.0,50.0,829.0,454.0,37.0,23.0,-298.0,-197.0,-3.0,-11.0,7
Anbar,2015-09-29,94.51052631578946,0.0,82,1009,1086,85,371.0,48.0,97.8081632653061,0.00040816326530612246,122.0,726.0,1146.0,169.0,34.0,283.0,-60.0,-37.0,202.0,0
Babylon,2015-09-29,93.1921052631579,0.0,0,93,29,5,15.0,0.0,98.54821428571427,0.0,1.0,27.0,13.0,1.0,0.0,66.0,16.0,4.0,14.0,1
Baghdad,2015-09-29,92.52982456140352,0.0,204,197,602,385,35.0,143.0,97.02539682539681,0.0,349.0,137.0,300.0,25.0,61.0,60.0,302.0,36.0,10.0,2
Diyala,2015-09-29,94.84385964912282,0.0,32,127,46,8,25.0,21.0,99.64523809523811,0.0,1.0,175.0,113.0,53.0,11.0,-48.0,-67.0,7.0,-28.0,3
Erbil,2015-09-29,86.95438596491228,0.0,0,453,162,43,70.0,4.0,89.0452380952381,0.0047619047619047615,37.0,281.0,577.0,258.0,-4.0,172.0,-415.0,6.0,-188.0,4
Kirkuk,2015-09-29,91.86315789473684,0.0,62,166,267,21,3.0,10.0,95.40178571428571,0.002142857142857143,14.0,147.0,331.0,3.0,52.0,19.0,-64.0,7.0,0.0,5
Ninewa,2015-09-29,88.39999999999999,0.0,307,782,738,38,137.0,322.0,90.51964285714284,0.015178571428571428,27.0,582.0,338.0,101.0,-15.0,200.0,400.0,11.0,36.0,6
Salahal Din,2015-09-29,94.49172932330826,0.0,219,565,546,45,38.0,79.0,98.38775510204083,0.0016326530612244899,47.0,531.0,257.0,26.0,140.0,34.0,289.0,-2.0,12.0,7
Anbar,2015-10-22,84.88260869565217,0.012795031055900623,236,1579,631,108,107.0,82.0,94.51052631578946,0.0,85.0,1009.0,1086.0,371.0,154.0,570.0,-455.0,23.0,-264.0,0
Babylon,2015-10-22,85.40652173913043,0.009130434782608695,4,47,22,0,11.0,0.0,93.1921052631579,0.0,5.0,93.0,29.0,15.0,4.0,-46.0,-7.0,-5.0,-4.0,1
Baghdad,2015-10-22,84.22705314009661,0.012173913043478262,312,362,332,431,273.0,204.0,92.52982456140352,0.0,385.0,197.0,602.0,35.0,108.0,165.0,-270.0,46.0,238.0,2
Diyala,2015-10-22,85.91811594202898,0.006956521739130435,77,386,118,5,130.0,32.0,94.84385964912282,0.0,8.0,127.0,46.0,25.0,45.0,259.0,72.0,-3.0,105.0,3
Erbil,2015-10-22,75.17391304347827,0.025072463768115946,2,431,120,120,9.0,0.0,86.95438596491228,0.0,43.0,453.0,162.0,70.0,2.0,-22.0,-42.0,77.0,-61.0,4
Kirkuk,2015-10-22,81.65434782608695,0.016847826086956525,76,201,172,14,7.0,62.0,91.86315789473684,0.0,21.0,166.0,267.0,3.0,14.0,35.0,-95.0,-7.0,4.0,5
Ninewa,2015-10-22,77.95489130434783,0.01141304347826087,297,803,560,28,117.0,307.0,88.39999999999999,0.0,38.0,782.0,738.0,137.0,-10.0,21.0,-178.0,-10.0,-20.0,6
Salahal Din,2015-10-22,85.20621118012423,0.013664596273291928,82,2357,439,44,115.0,219.0,94.49172932330826,0.0,45.0,565.0,546.0,38.0,-137.0,1792.0,-107.0,-1.0,77.0,7
Anbar,2015-11-05,73.46428571428571,0.04438775510204083,11,1782,3650,64,11.0,236.0,84.88260869565217,0.012795031055900623,108.0,1579.0,631.0,107.0,-225.0,203.0,3019.0,-44.0,-96.0,0
Babylon,2015-11-05,74.0125,0.09660714285714285,12,38,7,0,1.0,4.0,85.40652173913043,0.009130434782608695,0.0,47.0,22.0,11.0,8.0,-9.0,-15.0,0.0,-10.0,1
Baghdad,2015-11-05,72.27380952380953,0.09174603174603176,165,166,155,222,25.0,312.0,84.22705314009661,0.012173913043478262,431.0,362.0,332.0,273.0,-147.0,-196.0,-177.0,-209.0,-248.0,2
Diyala,2015-11-05,72.80119047619047,0.17095238095238094,14,67,202,2,10.0,77.0,85.91811594202898,0.006956521739130435,5.0,386.0,118.0,130.0,-63.0,-319.0,84.0,-3.0,-120.0,3
Erbil,2015-11-05,64.46309523809525,0.056547619047619034,0,312,67,50,13.0,2.0,75.17391304347827,0.025072463768115946,120.0,431.0,120.0,9.0,-2.0,-119.0,-53.0,-70.0,4.0,4
Kirkuk,2015-11-05,69.48392857142858,0.04142857142857143,4,54,1122,43,4.0,76.0,81.65434782608695,0.016847826086956525,14.0,201.0,172.0,7.0,-72.0,-147.0,950.0,29.0,-3.0,5
Ninewa,2015-11-05,67.23839285714284,0.024732142857142862,142,550,2465,14,25.0,297.0,77.95489130434783,0.01141304347826087,28.0,803.0,560.0,117.0,-155.0,-253.0,1905.0,-14.0,-92.0,6
Salahal Din,2015-11-05,72.15204081632653,0.10591836734693875,15,474,594,9,564.0,82.0,85.20621118012423,0.013664596273291928,44.0,2357.0,439.0,115.0,-67.0,-1883.0,155.0,-35.0,449.0,7
Anbar,2015-11-19,62.82551020408164,0.05897959183673469,22,487,1046,37,22.0,11.0,73.46428571428571,0.04438775510204083,64.0,1782.0,3650.0,11.0,11.0,-1295.0,-2604.0,-27.0,11.0,0
Babylon,2015-11-19,63.980357142857144,0.05625,1,45,473,0,8.0,12.0,74.0125,0.09660714285714285,0.0,38.0,7.0,1.0,-11.0,7.0,466.0,0.0,7.0,1
Baghdad,2015-11-19,63.10873015873016,0.10087301587301586,208,200,133,152,13.0,165.0,72.27380952380953,0.09174603174603176,222.0,166.0,155.0,25.0,43.0,34.0,-22.0,-70.0,-12.0,2
Diyala,2015-11-19,62.9452380952381,0.15476190476190474,16,83,58,4,42.0,14.0,72.80119047619047,0.17095238095238094,2.0,67.0,202.0,10.0,2.0,16.0,-144.0,2.0,32.0,3
Erbil,2015-11-19,54.14999999999999,0.24392857142857144,0,399,297,32,10.0,0.0,64.46309523809525,0.056547619047619034,50.0,312.0,67.0,13.0,0.0,87.0,230.0,-18.0,-3.0,4
Kirkuk,2015-11-19,59.70892857142858,0.22535714285714287,18,459,916,8,3.0,4.0,69.48392857142858,0.04142857142857143,43.0,54.0,1122.0,4.0,14.0,405.0,-206.0,-35.0,-1.0,5
Ninewa,2015-11-19,56.721428571428575,0.22178571428571428,294,3207,5789,96,147.0,142.0,67.23839285714284,0.024732142857142862,14.0,550.0,2465.0,25.0,152.0,2657.0,3324.0,82.0,122.0,6
Salahal Din,2015-11-19,61.964285714285715,0.20132653061224495,29,2263,277,13,35.0,15.0,72.15204081632653,0.10591836734693875,9.0,474.0,594.0,564.0,14.0,1789.0,-317.0,4.0,-529.0,7
Anbar,2015-12-03,60.47346938775511,0.0016326530612244899,35,2017,1612,73,66.0,22.0,62.82551020408164,0.05897959183673469,37.0,487.0,1046.0,22.0,13.0,1530.0,566.0,36.0,44.0,0
Babylon,2015-12-03,60.94642857142857,0.0,2,33,17,3,5.0,1.0,63.980357142857144,0.05625,0.0,45.0,473.0,8.0,1.0,-12.0,-456.0,3.0,-3.0,1
Baghdad,2015-12-03,59.789682539682545,0.0012698412698412698,174,186,207,141,70.0,208.0,63.10873015873016,0.10087301587301586,152.0,200.0,133.0,13.0,-34.0,-14.0,74.0,-11.0,57.0,2
Diyala,2015-12-03,61.58571428571428,0.0017857142857142859,1,399,59,0,21.0,16.0,62.9452380952381,0.15476190476190474,4.0,83.0,58.0,42.0,-15.0,316.0,1.0,-4.0,-21.0,3
Erbil,2015-12-03,55.61666666666666,0.004642857142857143,0,603,705,28,48.0,0.0,54.14999999999999,0.24392857142857144,32.0,399.0,297.0,10.0,0.0,204.0,408.0,-4.0,38.0,4
Kirkuk,2015-12-03,58.89642857142858,0.0005357142857142857,17,30,675,16,12.0,18.0,59.70892857142858,0.22535714285714287,8.0,459.0,916.0,3.0,-1.0,-429.0,-241.0,8.0,9.0,5
Ninewa,2015-12-03,56.35089285714285,0.002142857142857143,144,1995,1629,35,78.0,294.0,56.721428571428575,0.22178571428571428,96.0,3207.0,5789.0,147.0,-150.0,-1212.0,-4160.0,-61.0,-69.0,6
Salahal Din,2015-12-03,60.923469387755105,0.0,17,764,1496,21,56.0,29.0,61.964285714285715,0.20132653061224495,13.0,2263.0,277.0,35.0,-12.0,-1499.0,1219.0,8.0,21.0,7
Anbar,2015-12-17,50.247959183673466,0.0029591836734693877,31,982,1630,105,19.0,35.0,60.47346938775511,0.0016326530612244899,73.0,2017.0,1612.0,66.0,-4.0,-1035.0,18.0,32.0,-47.0,0
Babylon,2015-12-17,51.2125,0.005357142857142857,1,28,22,0,0.0,2.0,60.94642857142857,0.0,3.0,33.0,17.0,5.0,-1.0,-5.0,5.0,-3.0,-5.0,1
Baghdad,2015-12-17,50.3,0.0048412698412698425,160,703,495,569,35.0,174.0,59.789682539682545,0.0012698412698412698,141.0,186.0,207.0,70.0,-14.0,517.0,288.0,428.0,-35.0,2
Diyala,2015-12-17,51.636904761904766,0.03214285714285715,4,342,28,3,11.0,1.0,61.58571428571428,0.0017857142857142859,0.0,399.0,59.0,21.0,3.0,-57.0,-31.0,3.0,-10.0,3
Erbil,2015-12-17,44.98095238095239,0.11714285714285713,0,403,95,44,1.0,0.0,55.61666666666666,0.004642857142857143,28.0,603.0,705.0,48.0,0.0,-200.0,-610.0,16.0,-47.0,4
Kirkuk,2015-12-17,48.86607142857142,0.05089285714285714,33,65,44,10,5.0,17.0,58.89642857142858,0.0005357142857142857,16.0,30.0,675.0,12.0,16.0,35.0,-631.0,-6.0,-7.0,5
Ninewa,2015-12-17,46.541964285714286,0.11723214285714287,132,1706,1901,224,82.0,144.0,56.35089285714285,0.002142857142857143,35.0,1995.0,1629.0,78.0,-12.0,-289.0,272.0,189.0,4.0,6
Salahal Din,2015-12-17,50.902040816326526,0.02969387755102041,11,279,848,5,10.0,17.0,60.923469387755105,0.0,21.0,764.0,1496.0,56.0,-6.0,-485.0,-648.0,-16.0,-46.0,7
Anbar,2016-01-07,50.935374149659864,0.04047619047619048,192,3833,6174,512,156.0,31.0,50.247959183673466,0.0029591836734693877,105.0,982.0,1630.0,19.0,161.0,2851.0,4544.0,407.0,137.0,0
Babylon,2016-01-07,50.60476190476191,0.05976190476190476,1,649,201,4,12.0,1.0,51.2125,0.005357142857142857,0.0,28.0,22.0,0.0,0.0,621.0,179.0,4.0,12.0,1
Baghdad,2016-01-07,50.932275132275144,0.04962962962962963,205,1397,866,451,81.0,160.0,50.3,0.0048412698412698425,569.0,703.0,495.0,35.0,45.0,694.0,371.0,-118.0,46.0,2
Diyala,2016-01-07,51.7547619047619,0.05873015873015873,14,1757,272,2,83.0,4.0,51.636904761904766,0.03214285714285715,3.0,342.0,28.0,11.0,10.0,1415.0,244.0,-1.0,72.0,3
Erbil,2016-01-07,44.13650793650793,0.18039682539682542,1,1130,242,65,34.0,0.0,44.98095238095239,0.11714285714285713,44.0,403.0,95.0,1.0,1.0,727.0,147.0,21.0,33.0,4
Kirkuk,2016-01-07,48.69047619047619,0.08404761904761904,40,633,285,14,40.0,33.0,48.86607142857142,0.05089285714285714,10.0,65.0,44.0,5.0,7.0,568.0,241.0,4.0,35.0,5
Ninewa,2016-01-07,45.71845238095238,0.15511904761904763,546,2422,4210,122,216.0,132.0,46.541964285714286,0.11723214285714287,224.0,1706.0,1901.0,82.0,414.0,716.0,2309.0,-102.0,134.0,6
Salahal Din,2016-01-07,50.997278911564635,0.05782312925170069,23,1114,3634,27,45.0,11.0,50.902040816326526,0.02969387755102041,5.0,279.0,848.0,10.0,12.0,835.0,2786.0,22.0,35.0,7
Anbar,2016-01-21,54.38061224489794,0.002448979591836735,49,4687,2902,148,371.0,192.0,50.935374149659864,0.04047619047619048,512.0,3833.0,6174.0,156.0,-143.0,854.0,-3272.0,-364.0,215.0,0
Babylon,2016-01-21,53.987500000000004,0.09035714285714284,5,769,179,1,17.0,1.0,50.60476190476191,0.05976190476190476,4.0,649.0,201.0,12.0,4.0,120.0,-22.0,-3.0,5.0,1
Baghdad,2016-01-21,53.37777777777778,0.007936507936507938,190,2244,1511,335,140.0,205.0,50.932275132275144,0.04962962962962963,451.0,1397.0,866.0,81.0,-15.0,847.0,645.0,-116.0,59.0,2
Diyala,2016-01-21,54.271428571428565,0.01738095238095238,55,2905,813,54,124.0,14.0,51.7547619047619,0.05873015873015873,2.0,1757.0,272.0,83.0,41.0,1148.0,541.0,52.0,41.0,3
Erbil,2016-01-21,47.4,0.03773809523809524,1,1414,374,52,44.0,1.0,44.13650793650793,0.18039682539682542,65.0,1130.0,242.0,34.0,0.0,284.0,132.0,-13.0,10.0,4
Kirkuk,2016-01-21,51.142857142857146,0.02839285714285714,15,1063,210,7,18.0,40.0,48.69047619047619,0.08404761904761904,14.0,633.0,285.0,40.0,-25.0,430.0,-75.0,-7.0,-22.0,5
Ninewa,2016-01-21,48.379464285714285,0.07366071428571427,309,2245,1589,74,274.0,546.0,45.71845238095238,0.15511904761904763,122.0,2422.0,4210.0,216.0,-237.0,-177.0,-2621.0,-48.0,58.0,6
Salahal Din,2016-01-21,53.342857142857156,0.021428571428571432,14,1222,718,34,81.0,23.0,50.997278911564635,0.05782312925170069,27.0,1114.0,3634.0,45.0,-9.0,108.0,-2916.0,7.0,36.0,7
Anbar,2016-02-04,49.0234693877551,0.003673469387755102,77,2897,3292,92,550.0,49.0,54.38061224489794,0.002448979591836735,148.0,4687.0,2902.0,371.0,28.0,-1790.0,390.0,-56.0,179.0,0
Babylon,2016-02-04,49.80535714285715,0.00625,2,656,150,0,18.0,5.0,53.987500000000004,0.09035714285714284,1.0,769.0,179.0,17.0,-3.0,-113.0,-29.0,-1.0,1.0,1
Baghdad,2016-02-04,49.044444444444444,0.007222222222222221,173,1398,923,242,115.0,190.0,53.37777777777778,0.007936507936507938,335.0,2244.0,1511.0,140.0,-17.0,-846.0,-588.0,-93.0,-25.0,2
Diyala,2016-02-04,50.02619047619047,0.011190476190476192,9,1946,510,10,145.0,55.0,54.271428571428565,0.01738095238095238,54.0,2905.0,813.0,124.0,-46.0,-959.0,-303.0,-44.0,21.0,3
Erbil,2016-02-04,40.71309523809524,0.03500000000000001,2,1680,1032,32,65.0,1.0,47.4,0.03773809523809524,52.0,1414.0,374.0,44.0,1.0,266.0,658.0,-20.0,21.0,4
Kirkuk,2016-02-04,46.32321428571429,0.0033928571428571428,31,885,100,4,10.0,15.0,51.142857142857146,0.02839285714285714,7.0,1063.0,210.0,18.0,16.0,-178.0,-110.0,-3.0,-8.0,5
Ninewa,2016-02-04,42.68749999999999,0.01705357142857143,132,2381,1817,19,231.0,309.0,48.379464285714285,0.07366071428571427,74.0,2245.0,1589.0,274.0,-177.0,136.0,228.0,-55.0,-43.0,6
Salahal Din,2016-02-04,48.9673469387755,0.005,37,1220,1001,9,152.0,14.0,53.342857142857156,0.021428571428571432,34.0,1222.0,718.0,81.0,23.0,-2.0,283.0,-25.0,71.0,7
Anbar,2016-02-17,56.80989010989011,0.04076923076923077,108,4605,2158,62,483.0,77.0,49.0234693877551,0.003673469387755102,92.0,2897.0,3292.0,550.0,31.0,1708.0,-1134.0,-30.0,-67.0,0
Babylon,2016-02-17,55.66923076923077,0.012307692307692308,1,596,184,1,38.0,2.0,49.80535714285715,0.00625,0.0,656.0,150.0,18.0,-1.0,-60.0,34.0,1.0,20.0,1
Baghdad,2016-02-17,55.029914529914535,0.018034188034188034,164,1685,1475,172,239.0,173.0,49.044444444444444,0.007222222222222221,242.0,1398.0,923.0,115.0,-9.0,287.0,552.0,-70.0,124.0,2
Diyala,2016-02-17,56.037179487179486,0.027435897435897437,6,2181,375,5,75.0,9.0,50.02619047619047,0.011190476190476192,10.0,1946.0,510.0,145.0,-3.0,235.0,-135.0,-5.0,-70.0,3
Erbil,2016-02-17,48.95641025641026,0.03987179487179487,0,1734,614,27,30.0,2.0,40.71309523809524,0.03500000000000001,32.0,1680.0,1032.0,65.0,-2.0,54.0,-418.0,-5.0,-35.0,4
Kirkuk,2016-02-17,52.592307692307685,0.04519230769230769,24,914,255,2,8.0,31.0,46.32321428571429,0.0033928571428571428,4.0,885.0,100.0,10.0,-7.0,29.0,155.0,-2.0,-2.0,5
Ninewa,2016-02-17,50.44519230769232,0.021153846153846155,131,1991,885,20,161.0,132.0,42.68749999999999,0.01705357142857143,19.0,2381.0,1817.0,231.0,-1.0,-390.0,-932.0,1.0,-70.0,6
Salahal Din,2016-02-17,55.33296703296704,0.03241758241758241,2,1036,487,6,54.0,37.0,48.9673469387755,0.005,9.0,1220.0,1001.0,152.0,-35.0,-184.0,-514.0,-3.0,-98.0,7
Anbar,2016-03-02,64.69897959183673,0.0363265306122449,116,5750,3728,58,640.0,108.0,56.80989010989011,0.04076923076923077,62.0,4605.0,2158.0,483.0,8.0,1145.0,1570.0,-4.0,157.0,0
Babylon,2016-03-02,63.75535714285714,0.10339285714285715,0,753,317,0,16.0,1.0,55.66923076923077,0.012307692307692308,1.0,596.0,184.0,38.0,-1.0,157.0,133.0,-1.0,-22.0,1
Baghdad,2016-03-02,63.06587301587301,0.06746031746031747,240,1719,2373,188,53.0,164.0,55.029914529914535,0.018034188034188034,172.0,1685.0,1475.0,239.0,76.0,34.0,898.0,16.0,-186.0,2
Diyala,2016-03-02,63.9404761904762,0.07238095238095239,41,1938,288,15,65.0,6.0,56.037179487179486,0.027435897435897437,5.0,2181.0,375.0,75.0,35.0,-243.0,-87.0,10.0,-10.0,3
Erbil,2016-03-02,55.767857142857146,0.024285714285714282,0,1314,357,16,44.0,0.0,48.95641025641026,0.03987179487179487,27.0,1734.0,614.0,30.0,0.0,-420.0,-257.0,-11.0,14.0,4
Kirkuk,2016-03-02,60.19642857142858,0.03428571428571429,89,936,663,1,139.0,24.0,52.592307692307685,0.04519230769230769,2.0,914.0,255.0,8.0,65.0,22.0,408.0,-1.0,131.0,5
Ninewa,2016-03-02,58.00714285714286,0.02205357142857143,294,2015,869,40,134.0,131.0,50.44519230769232,0.021153846153846155,20.0,1991.0,885.0,161.0,163.0,24.0,-16.0,20.0,-27.0,6
Salahal Din,2016-03-02,62.909183673469386,0.05938775510204082,1,762,588,16,22.0,2.0,55.33296703296704,0.03241758241758241,6.0,1036.0,487.0,54.0,-1.0,-274.0,101.0,10.0,-32.0,7
Anbar,2016-03-17,67.78285714285714,0.002285714285714286,105,10250,10678,58,436.0,116.0,64.69897959183673,0.0363265306122449,58.0,5750.0,3728.0,640.0,-11.0,4500.0,6950.0,0.0,-204.0,0
Babylon,2016-03-17,66.595,0.0006666666666666666,60,4704,444,1,188.0,0.0,63.75535714285714,0.10339285714285715,0.0,753.0,317.0,16.0,60.0,3951.0,127.0,1.0,172.0,1
Baghdad,2016-03-17,66.4674074074074,7.407407407407409e-05,196,16715,9205,132,738.0,240.0,63.06587301587301,0.06746031746031747,188.0,1719.0,2373.0,53.0,-44.0,14996.0,6832.0,-56.0,685.0,2
Diyala,2016-03-17,67.52666666666667,0.0025555555555555553,7,16413,2334,3,312.0,41.0,63.9404761904762,0.07238095238095239,15.0,1938.0,288.0,65.0,-34.0,14475.0,2046.0,-12.0,247.0,3
Erbil,2016-03-17,57.32333333333334,0.057444444444444444,0,7132,2649,29,357.0,0.0,55.767857142857146,0.024285714285714282,16.0,1314.0,357.0,44.0,0.0,5818.0,2292.0,13.0,313.0,4
Kirkuk,2016-03-17,61.716666666666676,0.0285,44,3817,4021,18,162.0,89.0,60.19642857142858,0.03428571428571429,1.0,936.0,663.0,139.0,-45.0,2881.0,3358.0,17.0,23.0,5
Ninewa,2016-03-17,59.763333333333335,0.05075,344,9375,4123,28,1763.0,294.0,58.00714285714286,0.02205357142857143,40.0,2015.0,869.0,134.0,50.0,7360.0,3254.0,-12.0,1629.0,6
Salahal Din,2016-03-17,65.53809523809522,0.012857142857142855,5,4300,2571,14,119.0,1.0,62.909183673469386,0.05938775510204082,16.0,762.0,588.0,22.0,4.0,3538.0,1983.0,-2.0,97.0,7
Anbar,2016-03-31,65.4908163265306,0.06785714285714285,71,32215,22377,18,3893.0,105.0,67.78285714285714,0.002285714285714286,58.0,10250.0,10678.0,436.0,-34.0,21965.0,11699.0,-40.0,3457.0,0
Babylon,2016-03-31,65.81964285714285,0.061250000000000006,40,10540,4216,6,145.0,60.0,66.595,0.0006666666666666666,1.0,4704.0,444.0,188.0,-20.0,5836.0,3772.0,5.0,-43.0,1
Baghdad,2016-03-31,64.09444444444446,0.08238095238095237,132,66503,36424,191,2402.0,196.0,66.4674074074074,7.407407407407409e-05,132.0,16715.0,9205.0,738.0,-64.0,49788.0,27219.0,59.0,1664.0,2
Diyala,2016-03-31,63.98809523809525,0.12845238095238096,49,35965,8362,0,2852.0,7.0,67.52666666666667,0.0025555555555555553,3.0,16413.0,2334.0,312.0,42.0,19552.0,6028.0,-3.0,2540.0,3
Erbil,2016-03-31,52.91071428571428,0.14476190476190479,0,18623,8650,12,327.0,0.0,57.32333333333334,0.057444444444444444,29.0,7132.0,2649.0,357.0,0.0,11491.0,6001.0,-17.0,-30.0,4
Kirkuk,2016-03-31,58.14285714285715,0.07821428571428571,15,3860,2306,10,127.0,44.0,61.716666666666676,0.0285,18.0,3817.0,4021.0,162.0,-29.0,43.0,-1715.0,-8.0,-35.0,5
Ninewa,2016-03-31,55.63125,0.06589285714285716,227,47112,38006,63,3653.0,344.0,59.763333333333335,0.05075,28.0,9375.0,4123.0,1763.0,-117.0,37737.0,33883.0,35.0,1890.0,6
Salahal Din,2016-03-31,61.930612244897965,0.13653061224489796,15,9136,4617,0,746.0,5.0,65.53809523809522,0.012857142857142855,14.0,4300.0,2571.0,119.0,10.0,4836.0,2046.0,-14.0,627.0,7
Anbar,2016-04-14,74.43877551020408,0.0163265306122449,67,30316,22448,50,1607.0,71.0,65.4908163265306,0.06785714285714285,18.0,32215.0,22377.0,3893.0,-4.0,-1899.0,71.0,32.0,-2286.0,0
Babylon,2016-04-14,71.64464285714286,0.01892857142857143,2,13561,2923,0,146.0,40.0,65.81964285714285,0.061250000000000006,6.0,10540.0,4216.0,145.0,-38.0,3021.0,-1293.0,-6.0,1.0,1
Baghdad,2016-04-14,71.84047619047618,0.017063492063492062,151,64694,24548,250,3741.0,132.0,64.09444444444446,0.08238095238095237,191.0,66503.0,36424.0,2402.0,19.0,-1809.0,-11876.0,59.0,1339.0,2
Diyala,2016-04-14,72.58690476190478,0.09202380952380951,11,24934,8723,0,3148.0,49.0,63.98809523809525,0.12845238095238096,0.0,35965.0,8362.0,2852.0,-38.0,-11031.0,361.0,0.0,296.0,3
Erbil,2016-04-14,61.651190476190486,0.10119047619047618,0,18517,9575,28,1146.0,0.0,52.91071428571428,0.14476190476190479,12.0,18623.0,8650.0,327.0,0.0,-106.0,925.0,16.0,819.0,4
Kirkuk,2016-04-14,66.56785714285715,0.09160714285714285,17,5387,3600,4,183.0,15.0,58.14285714285715,0.07821428571428571,10.0,3860.0,2306.0,127.0,2.0,1527.0,1294.0,-6.0,56.0,5
Ninewa,2016-04-14,63.533035714285724,0.11526785714285714,304,28743,19635,49,2640.0,227.0,55.63125,0.06589285714285716,63.0,47112.0,38006.0,3653.0,77.0,-18369.0,-18371.0,-14.0,-1013.0,6
Salahal Din,2016-04-14,70.92551020408163,0.09051020408163267,6,18034,11758,11,797.0,15.0,61.930612244897965,0.13653061224489796,0.0,9136.0,4617.0,746.0,-9.0,8898.0,7141.0,11.0,51.0,7
Anbar,2016-04-28,81.0673469387755,0.004285714285714287,83,28624,18060,30,3487.0,67.0,74.43877551020408,0.0163265306122449,50.0,30316.0,22448.0,1607.0,16.0,-1692.0,-4388.0,-20.0,1880.0,0
Babylon,2016-04-28,78.10535714285713,0.0032142857142857142,0,8718,2334,0,106.0,2.0,71.64464285714286,0.01892857142857143,0.0,13561.0,2923.0,146.0,-2.0,-4843.0,-589.0,0.0,-40.0,1
Baghdad,2016-04-28,79.0484126984127,0.0,147,52644,16148,239,2289.0,151.0,71.84047619047618,0.017063492063492062,250.0,64694.0,24548.0,3741.0,-4.0,-12050.0,-8400.0,-11.0,-1452.0,2
Diyala,2016-04-28,80.0297619047619,0.0035714285714285718,8,37372,7802,2,1967.0,11.0,72.58690476190478,0.09202380952380951,0.0,24934.0,8723.0,3148.0,-3.0,12438.0,-921.0,2.0,-1181.0,3
Erbil,2016-04-28,68.09880952380952,0.03380952380952381,1,28151,15507,26,466.0,0.0,61.651190476190486,0.10119047619047618,28.0,18517.0,9575.0,1146.0,1.0,9634.0,5932.0,-2.0,-680.0,4
Kirkuk,2016-04-28,73.30535714285713,0.024285714285714282,10,4337,2983,3,75.0,17.0,66.56785714285715,0.09160714285714285,4.0,5387.0,3600.0,183.0,-7.0,-1050.0,-617.0,-1.0,-108.0,5
Ninewa,2016-04-28,70.29196428571429,0.03473214285714286,275,25923,14935,34,1749.0,304.0,63.533035714285724,0.11526785714285714,49.0,28743.0,19635.0,2640.0,-29.0,-2820.0,-4700.0,-15.0,-891.0,6
Salahal Din,2016-04-28,77.97857142857143,0.010612244897959184,34,12756,6460,3,198.0,6.0,70.92551020408163,0.09051020408163267,11.0,18034.0,11758.0,797.0,28.0,-5278.0,-5298.0,-8.0,-599.0,7
Anbar,2016-05-12,84.7234693877551,0.004081632653061225,19,32176,25295,42,2926.0,83.0,81.0673469387755,0.004285714285714287,30.0,28624.0,18060.0,3487.0,-64.0,3552.0,7235.0,12.0,-561.0,0
Babylon,2016-05-12,83.68214285714285,0.0,6,6948,3713,0,117.0,0.0,78.10535714285713,0.0032142857142857142,0.0,8718.0,2334.0,106.0,6.0,-1770.0,1379.0,0.0,11.0,1
Baghdad,2016-05-12,82.94285714285715,0.013412698412698414,268,92630,48557,369,2986.0,147.0,79.0484126984127,0.0,239.0,52644.0,16148.0,2289.0,121.0,39986.0,32409.0,130.0,697.0,2
Diyala,2016-05-12,83.8654761904762,0.02,29,45372,14201,7,1495.0,8.0,80.0297619047619,0.0035714285714285718,2.0,37372.0,7802.0,1967.0,21.0,8000.0,6399.0,5.0,-472.0,3
Erbil,2016-05-12,71.40714285714286,0.037023809523809514,0,44585,12105,55,2165.0,1.0,68.09880952380952,0.03380952380952381,26.0,28151.0,15507.0,466.0,-1.0,16434.0,-3402.0,29.0,1699.0,4
Kirkuk,2016-05-12,77.56964285714285,0.005,12,4558,1877,7,305.0,10.0,73.30535714285713,0.024285714285714282,3.0,4337.0,2983.0,75.0,2.0,221.0,-1106.0,4.0,230.0,5
Ninewa,2016-05-12,74.01160714285713,0.01383928571428572,193,40312,15754,67,5226.0,275.0,70.29196428571429,0.03473214285714286,34.0,25923.0,14935.0,1749.0,-82.0,14389.0,819.0,33.0,3477.0,6
Salahal Din,2016-05-12,81.9734693877551,0.012959183673469389,1,10649,6651,3,693.0,34.0,77.97857142857143,0.010612244897959184,3.0,12756.0,6460.0,198.0,-33.0,-2107.0,191.0,0.0,495.0,7
Anbar,2016-05-26,89.88775510204081,0.0011224489795918367,45,129204,81651,210,12160.0,19.0,84.7234693877551,0.004081632653061225,42.0,32176.0,25295.0,2926.0,26.0,97028.0,56356.0,168.0,9234.0,0
Babylon,2016-05-26,87.65,0.0025,0,8267,2965,0,239.0,6.0,83.68214285714285,0.0,0.0,6948.0,3713.0,117.0,-6.0,1319.0,-748.0,0.0,122.0,1
Baghdad,2016-05-26,88.07539682539684,0.0,243,80381,36720,431,2921.0,268.0,82.94285714285715,0.013412698412698414,369.0,92630.0,48557.0,2986.0,-25.0,-12249.0,-11837.0,62.0,-65.0,2
Diyala,2016-05-26,90.49642857142858,0.0011904761904761904,13,39676,15511,0,2263.0,29.0,83.8654761904762,0.02,7.0,45372.0,14201.0,1495.0,-16.0,-5696.0,1310.0,-7.0,768.0,3
Erbil,2016-05-26,78.9452380952381,0.007857142857142858,0,19279,6159,8,1175.0,0.0,71.40714285714286,0.037023809523809514,55.0,44585.0,12105.0,2165.0,0.0,-25306.0,-5946.0,-47.0,-990.0,4
Kirkuk,2016-05-26,85.54107142857141,0.005892857142857145,31,3773,2255,5,232.0,12.0,77.56964285714285,0.005,7.0,4558.0,1877.0,305.0,19.0,-785.0,378.0,-2.0,-73.0,5
Ninewa,2016-05-26,80.70803571428573,0.005357142857142857,203,28994,14948,15,3138.0,193.0,74.01160714285713,0.01383928571428572,67.0,40312.0,15754.0,5226.0,10.0,-11318.0,-806.0,-52.0,-2088.0,6
Salahal Din,2016-05-26,89.3142857142857,0.0006122448979591838,34,13612,8447,19,678.0,1.0,81.9734693877551,0.012959183673469389,3.0,10649.0,6651.0,693.0,33.0,2963.0,1796.0,16.0,-15.0,7
Anbar,2016-06-08,91.7802197802198,0.0,219,297356,155956,316,7119.0,45.0,89.88775510204081,0.0011224489795918367,210.0,129204.0,81651.0,12160.0,174.0,168152.0,74305.0,106.0,-5041.0,0
Babylon,2016-06-08,89.53076923076924,0.0,0,12927,4155,1,495.0,0.0,87.65,0.0025,0.0,8267.0,2965.0,239.0,0.0,4660.0,1190.0,1.0,256.0,1
Baghdad,2016-06-08,89.64957264957265,0.0,158,70535,34551,73,3819.0,243.0,88.07539682539684,0.0,431.0,80381.0,36720.0,2921.0,-85.0,-9846.0,-2169.0,-358.0,898.0,2
Diyala,2016-06-08,93.4628205128205,0.0,48,62112,31947,1,3329.0,13.0,90.49642857142858,0.0011904761904761904,0.0,39676.0,15511.0,2263.0,35.0,22436.0,16436.0,1.0,1066.0,3
Erbil,2016-06-08,80.76666666666667,0.0005128205128205128,0,17549,9090,13,1181.0,0.0,78.9452380952381,0.007857142857142858,8.0,19279.0,6159.0,1175.0,0.0,-1730.0,2931.0,5.0,6.0,4
Kirkuk,2016-06-08,87.51346153846154,0.0,10,9280,2704,0,176.0,31.0,85.54107142857141,0.005892857142857145,5.0,3773.0,2255.0,232.0,-21.0,5507.0,449.0,-5.0,-56.0,5
Ninewa,2016-06-08,83.24038461538461,0.0042307692307692315,343,56580,20884,6,9977.0,203.0,80.70803571428573,0.005357142857142857,15.0,28994.0,14948.0,3138.0,140.0,27586.0,5936.0,-9.0,6839.0,6
Salahal Din,2016-06-08,91.32197802197804,0.0,11,56180,15021,2,1403.0,34.0,89.3142857142857,0.0006122448979591838,19.0,13612.0,8447.0,678.0,-23.0,42568.0,6574.0,-17.0,725.0,7
Anbar,2016-06-22,95.06836734693877,0.0,90,374922,101039,238,11614.0,219.0,91.7802197802198,0.0,316.0,297356.0,155956.0,7119.0,-129.0,77566.0,-54917.0,-78.0,4495.0,0
Babylon,2016-06-22,92.37499999999999,0.0,0,22930,3184,0,273.0,0.0,89.53076923076924,0.0,1.0,12927.0,4155.0,495.0,0.0,10003.0,-971.0,-1.0,-222.0,1
Baghdad,2016-06-22,92.64682539682539,0.0,166,94934,29139,120,4562.0,158.0,89.64957264957265,0.0,73.0,70535.0,34551.0,3819.0,8.0,24399.0,-5412.0,47.0,743.0,2
Diyala,2016-06-22,95.90357142857144,0.0,9,52737,20259,2,1805.0,48.0,93.4628205128205,0.0,1.0,62112.0,31947.0,3329.0,-39.0,-9375.0,-11688.0,1.0,-1524.0,3
Erbil,2016-06-22,84.37857142857142,0.002619047619047619,0,29589,13862,28,2733.0,0.0,80.76666666666667,0.0005128205128205128,13.0,17549.0,9090.0,1181.0,0.0,12040.0,4772.0,15.0,1552.0,4
Kirkuk,2016-06-22,91.08571428571427,0.002142857142857143,23,10149,2966,2,146.0,10.0,87.51346153846154,0.0,0.0,9280.0,2704.0,176.0,13.0,869.0,262.0,2.0,-30.0,5
Ninewa,2016-06-22,88.37946428571429,0.002142857142857143,154,77263,32460,19,8763.0,343.0,83.24038461538461,0.0042307692307692315,6.0,56580.0,20884.0,9977.0,-189.0,20683.0,11576.0,13.0,-1214.0,6
Salahal Din,2016-06-22,94.7122448979592,0.0,41,92739,25709,18,6637.0,11.0,91.32197802197804,0.0,2.0,56180.0,15021.0,1403.0,30.0,36559.0,10688.0,16.0,5234.0,7
Anbar,2016-07-03,102.84285714285716,0.0,80,137250,47889,139,21718.0,90.0,95.06836734693877,0.0,238.0,374922.0,101039.0,11614.0,-10.0,-237672.0,-53150.0,-99.0,10104.0,0
Babylon,2016-07-03,97.89999999999999,0.16090909090909092,0,27164,4759,0,146.0,0.0,92.37499999999999,0.0,0.0,22930.0,3184.0,273.0,0.0,4234.0,1575.0,0.0,-127.0,1
Baghdad,2016-07-03,100.74747474747477,0.0,111,55540,22964,51,3198.0,166.0,92.64682539682539,0.0,120.0,94934.0,29139.0,4562.0,-55.0,-39394.0,-6175.0,-69.0,-1364.0,2
Diyala,2016-07-03,104.18939393939394,0.0,10,39022,11195,1,1402.0,9.0,95.90357142857144,0.0,2.0,52737.0,20259.0,1805.0,1.0,-13715.0,-9064.0,-1.0,-403.0,3
Erbil,2016-07-03,93.95000000000003,0.0,0,20815,10129,13,2460.0,0.0,84.37857142857142,0.002619047619047619,28.0,29589.0,13862.0,2733.0,0.0,-8774.0,-3733.0,-15.0,-273.0,4
Kirkuk,2016-07-03,100.53863636363636,0.0,11,12312,985,0,48.0,23.0,91.08571428571427,0.002142857142857143,2.0,10149.0,2966.0,146.0,-12.0,2163.0,-1981.0,-2.0,-98.0,5
Ninewa,2016-07-03,96.79431818181818,0.0,123,63626,29284,26,5066.0,154.0,88.37946428571429,0.002142857142857143,19.0,77263.0,32460.0,8763.0,-31.0,-13637.0,-3176.0,7.0,-3697.0,6
Salahal Din,2016-07-03,103.712987012987,0.0,17,49653,19056,7,920.0,41.0,94.7122448979592,0.0,18.0,92739.0,25709.0,6637.0,-24.0,-43086.0,-6653.0,-11.0,-5717.0,7
Anbar,2016-07-22,102.35789473684211,0.0,18,47691,28204,61,3845.0,80.0,102.84285714285716,0.0,139.0,137250.0,47889.0,21718.0,-62.0,-89559.0,-19685.0,-78.0,-17873.0,0
Babylon,2016-07-22,98.4592105263158,0.0,0,75172,18761,0,1101.0,0.0,97.89999999999999,0.16090909090909092,0.0,27164.0,4759.0,146.0,0.0,48008.0,14002.0,0.0,955.0,1
Baghdad,2016-07-22,100.78654970760235,0.0,592,203001,69753,320,5113.0,111.0,100.74747474747477,0.0,51.0,55540.0,22964.0,3198.0,481.0,147461.0,46789.0,269.0,1915.0,2
Diyala,2016-07-22,104.06842105263156,0.0,25,94089,15187,4,7000.0,10.0,104.18939393939394,0.0,1.0,39022.0,11195.0,1402.0,15.0,55067.0,3992.0,3.0,5598.0,3
Erbil,2016-07-22,94.83859649122807,0.0,3,30811,12391,6,897.0,0.0,93.95000000000003,0.0,13.0,20815.0,10129.0,2460.0,3.0,9996.0,2262.0,-7.0,-1563.0,4
Kirkuk,2016-07-22,100.85,0.0,48,14908,6301,4,393.0,11.0,100.53863636363636,0.0,0.0,12312.0,985.0,48.0,37.0,2596.0,5316.0,4.0,345.0,5
Ninewa,2016-07-22,97.63684210526317,0.0,152,101286,47687,80,7380.0,123.0,96.79431818181818,0.0,26.0,63626.0,29284.0,5066.0,29.0,37660.0,18403.0,54.0,2314.0,6
Salahal Din,2016-07-22,103.40526315789472,0.0,51,46328,23745,35,2207.0,17.0,103.712987012987,0.0,7.0,49653.0,19056.0,920.0,34.0,-3325.0,4689.0,28.0,1287.0,7
Anbar,2016-08-03,102.78928571428571,0.0,56,23100,12810,13,1693.0,18.0,102.35789473684211,0.0,61.0,47691.0,28204.0,3845.0,38.0,-24591.0,-15394.0,-48.0,-2152.0,0
Babylon,2016-08-03,98.52291666666666,0.0,0,11662,4177,1,214.0,0.0,98.4592105263158,0.0,0.0,75172.0,18761.0,1101.0,0.0,-63510.0,-14584.0,1.0,-887.0,1
Baghdad,2016-08-03,99.9212962962963,0.0,139,53651,21424,84,4866.0,592.0,100.78654970760235,0.0,320.0,203001.0,69753.0,5113.0,-453.0,-149350.0,-48329.0,-236.0,-247.0,2
Diyala,2016-08-03,104.59166666666665,0.0,28,31064,5271,8,2041.0,25.0,104.06842105263156,0.0,4.0,94089.0,15187.0,7000.0,3.0,-63025.0,-9916.0,4.0,-4959.0,3
Erbil,2016-08-03,93.36527777777779,0.0,0,14210,8176,4,1170.0,3.0,94.83859649122807,0.0,6.0,30811.0,12391.0,897.0,-3.0,-16601.0,-4215.0,-2.0,273.0,4
Kirkuk,2016-08-03,99.72291666666666,0.0,18,7509,2808,28,234.0,48.0,100.85,0.0,4.0,14908.0,6301.0,393.0,-30.0,-7399.0,-3493.0,24.0,-159.0,5
Ninewa,2016-08-03,96.14270833333335,0.0,160,55859,38413,30,4578.0,152.0,97.63684210526317,0.0,80.0,101286.0,47687.0,7380.0,8.0,-45427.0,-9274.0,-50.0,-2802.0,6
Salahal Din,2016-08-03,103.20952380952382,0.0,18,29142,13974,7,1186.0,51.0,103.40526315789472,0.0,35.0,46328.0,23745.0,2207.0,-33.0,-17186.0,-9771.0,-28.0,-1021.0,7
Anbar,2016-08-17,103.02755102040815,0.0,19,18480,14668,15,2481.0,56.0,102.78928571428571,0.0,13.0,23100.0,12810.0,1693.0,-37.0,-4620.0,1858.0,2.0,788.0,0
Babylon,2016-08-17,98.49285714285715,0.0,1,14765,2862,0,668.0,0.0,98.52291666666666,0.0,1.0,11662.0,4177.0,214.0,1.0,3103.0,-1315.0,-1.0,454.0,1
Baghdad,2016-08-17,100.22460317460319,0.0,127,41960,19641,64,2302.0,139.0,99.9212962962963,0.0,84.0,53651.0,21424.0,4866.0,-12.0,-11691.0,-1783.0,-20.0,-2564.0,2
Diyala,2016-08-17,104.9095238095238,0.0,21,34458,8337,1,1120.0,28.0,104.59166666666665,0.0,8.0,31064.0,5271.0,2041.0,-7.0,3394.0,3066.0,-7.0,-921.0,3
Erbil,2016-08-17,94.37738095238096,0.0,1,25024,33404,3,2789.0,0.0,93.36527777777779,0.0,4.0,14210.0,8176.0,1170.0,1.0,10814.0,25228.0,-1.0,1619.0,4
Kirkuk,2016-08-17,99.98928571428573,0.0,175,5920,3863,15,592.0,18.0,99.72291666666666,0.0,28.0,7509.0,2808.0,234.0,157.0,-1589.0,1055.0,-13.0,358.0,5
Ninewa,2016-08-17,97.74017857142857,0.0,257,47989,26135,68,3855.0,160.0,96.14270833333335,0.0,30.0,55859.0,38413.0,4578.0,97.0,-7870.0,-12278.0,38.0,-723.0,6
Salahal Din,2016-08-17,103.1642857142857,0.0,18,15192,6685,0,697.0,18.0,103.20952380952382,0.0,7.0,29142.0,13974.0,1186.0,0.0,-13950.0,-7289.0,-7.0,-489.0,7
Anbar,2016-09-01,103.8552380952381,0.0,26,19007,13545,29,1347.0,19.0,103.02755102040815,0.0,15.0,18480.0,14668.0,2481.0,7.0,527.0,-1123.0,14.0,-1134.0,0
Babylon,2016-09-01,96.58000000000001,0.0,1,13886,3207,0,321.0,1.0,98.49285714285715,0.0,0.0,14765.0,2862.0,668.0,0.0,-879.0,345.0,0.0,-347.0,1
Baghdad,2016-09-01,99.08074074074075,0.0,182,58943,26816,131,2577.0,127.0,100.22460317460319,0.0,64.0,41960.0,19641.0,2302.0,55.0,16983.0,7175.0,67.0,275.0,2
Diyala,2016-09-01,104.44999999999999,0.0,10,28411,6938,0,1259.0,21.0,104.9095238095238,0.0,1.0,34458.0,8337.0,1120.0,-11.0,-6047.0,-1399.0,-1.0,139.0,3
Erbil,2016-09-01,93.94444444444444,0.0,0,17910,5057,47,455.0,1.0,94.37738095238096,0.0,3.0,25024.0,33404.0,2789.0,-1.0,-7114.0,-28347.0,44.0,-2334.0,4
Kirkuk,2016-09-01,101.24166666666665,0.0,87,10284,2194,5,690.0,175.0,99.98928571428573,0.0,15.0,5920.0,3863.0,592.0,-88.0,4364.0,-1669.0,-10.0,98.0,5
Ninewa,2016-09-01,97.82333333333332,0.0,303,56799,29348,70,4557.0,257.0,97.74017857142857,0.0,68.0,47989.0,26135.0,3855.0,46.0,8810.0,3213.0,2.0,702.0,6
Salahal Din,2016-09-01,104.2647619047619,0.0,20,13105,7966,6,715.0,18.0,103.1642857142857,0.0,0.0,15192.0,6685.0,697.0,2.0,-2087.0,1281.0,6.0,18.0,7
Anbar,2016-09-15,95.42755102040817,0.0,4,14759,7945,15,1719.0,26.0,103.8552380952381,0.0,29.0,19007.0,13545.0,1347.0,-22.0,-4248.0,-5600.0,-14.0,372.0,0
Babylon,2016-09-15,91.37857142857142,0.0,0,24483,8496,0,1237.0,1.0,96.58000000000001,0.0,0.0,13886.0,3207.0,321.0,-1.0,10597.0,5289.0,0.0,916.0,1
Baghdad,2016-09-15,93.37460317460318,0.0,206,62480,22360,65,3829.0,182.0,99.08074074074075,0.0,131.0,58943.0,26816.0,2577.0,24.0,3537.0,-4456.0,-66.0,1252.0,2
Diyala,2016-09-15,97.44761904761909,0.0,9,24792,6918,0,1581.0,10.0,104.44999999999999,0.0,0.0,28411.0,6938.0,1259.0,-1.0,-3619.0,-20.0,0.0,322.0,3
Erbil,2016-09-15,86.28214285714284,0.0,0,16880,5715,8,365.0,0.0,93.94444444444444,0.0,47.0,17910.0,5057.0,455.0,0.0,-1030.0,658.0,-39.0,-90.0,4
Kirkuk,2016-09-15,93.73214285714286,0.0,32,9279,3255,2,118.0,87.0,101.24166666666665,0.0,5.0,10284.0,2194.0,690.0,-55.0,-1005.0,1061.0,-3.0,-572.0,5
Ninewa,2016-09-15,89.49732142857142,0.0,97,37162,15761,33,4136.0,303.0,97.82333333333332,0.0,70.0,56799.0,29348.0,4557.0,-206.0,-19637.0,-13587.0,-37.0,-421.0,6
Salahal Din,2016-09-15,96.4326530612245,0.0,52,11338,9927,7,313.0,20.0,104.2647619047619,0.0,6.0,13105.0,7966.0,715.0,32.0,-1767.0,1961.0,1.0,-402.0,7
Anbar,2016-09-28,88.73186813186814,0.0,22,20205,6693,25,1197.0,4.0,95.42755102040817,0.0,15.0,14759.0,7945.0,1719.0,18.0,5446.0,-1252.0,10.0,-522.0,0
Babylon,2016-09-28,86.15769230769232,0.0,0,12264,4345,0,304.0,0.0,91.37857142857142,0.0,0.0,24483.0,8496.0,1237.0,0.0,-12219.0,-4151.0,0.0,-933.0,1
Baghdad,2016-09-28,86.35555555555554,0.0,155,45112,14911,78,4580.0,206.0,93.37460317460318,0.0,65.0,62480.0,22360.0,3829.0,-51.0,-17368.0,-7449.0,13.0,751.0,2
Diyala,2016-09-28,90.50256410256408,0.0,14,27844,7278,0,1178.0,9.0,97.44761904761909,0.0,0.0,24792.0,6918.0,1581.0,5.0,3052.0,360.0,0.0,-403.0,3
Erbil,2016-09-28,78.44615384615385,0.0,0,20187,5698,16,909.0,0.0,86.28214285714284,0.0,8.0,16880.0,5715.0,365.0,0.0,3307.0,-17.0,8.0,544.0,4
Kirkuk,2016-09-28,85.29807692307692,0.0,14,6159,2460,1,281.0,32.0,93.73214285714286,0.0,2.0,9279.0,3255.0,118.0,-18.0,-3120.0,-795.0,-1.0,163.0,5
Ninewa,2016-09-28,81.34326923076924,0.0,192,56828,26253,65,5418.0,97.0,89.49732142857142,0.0,33.0,37162.0,15761.0,4136.0,95.0,19666.0,10492.0,32.0,1282.0,6
Salahal Din,2016-09-28,88.94505494505493,0.0,41,42184,12369,49,1950.0,52.0,96.4326530612245,0.0,7.0,11338.0,9927.0,313.0,-11.0,30846.0,2442.0,42.0,1637.0,7
Anbar,2016-10-13,84.46761904761905,0.0,10,15509,6604,11,499.0,22.0,88.73186813186814,0.0,25.0,20205.0,6693.0,1197.0,-12.0,-4696.0,-89.0,-14.0,-698.0,0
Babylon,2016-10-13,80.44666666666666,0.0,1,9733,5368,0,333.0,0.0,86.15769230769232,0.0,0.0,12264.0,4345.0,304.0,1.0,-2531.0,1023.0,0.0,29.0,1
Baghdad,2016-10-13,81.39777777777776,0.0,181,47721,20639,74,3559.0,155.0,86.35555555555554,0.0,78.0,45112.0,14911.0,4580.0,26.0,2609.0,5728.0,-4.0,-1021.0,2
Diyala,2016-10-13,85.06666666666665,0.0,12,39785,12697,0,2051.0,14.0,90.50256410256408,0.0,0.0,27844.0,7278.0,1178.0,-2.0,11941.0,5419.0,0.0,873.0,3
Erbil,2016-10-13,75.31888888888889,0.0,1,22115,5862,15,746.0,0.0,78.44615384615385,0.0,16.0,20187.0,5698.0,909.0,1.0,1928.0,164.0,-1.0,-163.0,4
Kirkuk,2016-10-13,82.07,0.0,99,4289,2792,7,1357.0,14.0,85.29807692307692,0.0,1.0,6159.0,2460.0,281.0,85.0,-1870.0,332.0,6.0,1076.0,5
Ninewa,2016-10-13,78.13000000000001,0.0,154,77194,42293,196,3334.0,192.0,81.34326923076924,0.0,65.0,56828.0,26253.0,5418.0,-38.0,20366.0,16040.0,131.0,-2084.0,6
Salahal Din,2016-10-13,84.66380952380952,0.0,28,14030,6225,0,1409.0,41.0,88.94505494505493,0.0,49.0,42184.0,12369.0,1950.0,-13.0,-28154.0,-6144.0,-49.0,-541.0,7
Anbar,2016-10-27,81.19693877551022,0.0,7,32968,13594,16,1226.0,10.0,84.46761904761905,0.0,11.0,15509.0,6604.0,499.0,-3.0,17459.0,6990.0,5.0,727.0,0
Babylon,2016-10-27,78.55178571428571,0.0,0,13211,5168,0,275.0,1.0,80.44666666666666,0.0,0.0,9733.0,5368.0,333.0,-1.0,3478.0,-200.0,0.0,-58.0,1
Baghdad,2016-10-27,78.57380952380952,0.0,160,78518,23582,205,7572.0,181.0,81.39777777777776,0.0,74.0,47721.0,20639.0,3559.0,-21.0,30797.0,2943.0,131.0,4013.0,2
Diyala,2016-10-27,81.7642857142857,0.0,4,58791,17693,0,1785.0,12.0,85.06666666666665,0.0,0.0,39785.0,12697.0,2051.0,-8.0,19006.0,4996.0,0.0,-266.0,3
Erbil,2016-10-27,70.07619047619048,0.0,0,30760,13269,46,2610.0,1.0,75.31888888888889,0.0,15.0,22115.0,5862.0,746.0,-1.0,8645.0,7407.0,31.0,1864.0,4
Kirkuk,2016-10-27,75.95000000000002,0.0010714285714285715,63,73465,43391,152,2645.0,99.0,82.07,0.0,7.0,4289.0,2792.0,1357.0,-36.0,69176.0,40599.0,145.0,1288.0,5
Ninewa,2016-10-27,72.08660714285715,0.0,1028,754023,323829,663,41045.0,154.0,78.13000000000001,0.0,196.0,77194.0,42293.0,3334.0,874.0,676829.0,281536.0,467.0,37711.0,6
Salahal Din,2016-10-27,80.78265306122451,0.00020408163265306123,22,31619,15907,3,1308.0,28.0,84.66380952380952,0.0,0.0,14030.0,6225.0,1409.0,-6.0,17589.0,9682.0,3.0,-101.0,7
Anbar,2016-11-09,72.6087912087912,0.0,0,37075,11339,6,900.0,7.0,81.19693877551022,0.0,16.0,32968.0,13594.0,1226.0,-7.0,4107.0,-2255.0,-10.0,-326.0,0
Babylon,2016-11-09,70.66346153846156,0.0001923076923076923,0,11937,3788,0,157.0,0.0,78.55178571428571,0.0,0.0,13211.0,5168.0,275.0,0.0,-1274.0,-1380.0,0.0,-118.0,1
Baghdad,2016-11-09,70.22307692307692,0.0,134,52620,19523,67,5170.0,160.0,78.57380952380952,0.0,205.0,78518.0,23582.0,7572.0,-26.0,-25898.0,-4059.0,-138.0,-2402.0,2
Diyala,2016-11-09,72.78846153846155,0.0,13,52434,11981,1,1537.0,4.0,81.7642857142857,0.0,0.0,58791.0,17693.0,1785.0,9.0,-6357.0,-5712.0,1.0,-248.0,3
Erbil,2016-11-09,62.55641025641026,0.017692307692307695,0,22832,4844,28,786.0,0.0,70.07619047619048,0.0,46.0,30760.0,13269.0,2610.0,0.0,-7928.0,-8425.0,-18.0,-1824.0,4
Kirkuk,2016-11-09,67.78653846153846,0.0001923076923076923,37,14911,6428,8,217.0,63.0,75.95000000000002,0.0010714285714285715,152.0,73465.0,43391.0,2645.0,-26.0,-58554.0,-36963.0,-144.0,-2428.0,5
Ninewa,2016-11-09,64.91346153846155,0.0073076923076923084,690,384013,118762,516,27085.0,1028.0,72.08660714285715,0.0,663.0,754023.0,323829.0,41045.0,-338.0,-370010.0,-205067.0,-147.0,-13960.0,6
Salahal Din,2016-11-09,70.99340659340659,0.0,53,31834,9791,40,946.0,22.0,80.78265306122451,0.00020408163265306123,3.0,31619.0,15907.0,1308.0,31.0,215.0,-6116.0,37.0,-362.0,7
Anbar,2016-11-24,65.20918367346938,0.0,59,19989,12351,16,625.0,0.0,72.6087912087912,0.0,6.0,37075.0,11339.0,900.0,59.0,-17086.0,1012.0,10.0,-275.0,0
Babylon,2016-11-24,62.7375,0.0,2,9126,1829,0,938.0,0.0,70.66346153846156,0.0001923076923076923,0.0,11937.0,3788.0,157.0,2.0,-2811.0,-1959.0,0.0,781.0,1
Baghdad,2016-11-24,62.26111111111111,0.0,149,59360,22833,56,2860.0,134.0,70.22307692307692,0.0,67.0,52620.0,19523.0,5170.0,15.0,6740.0,3310.0,-11.0,-2310.0,2
Diyala,2016-11-24,67.44404761904762,0.0,22,64338,7067,0,1566.0,13.0,72.78846153846155,0.0,1.0,52434.0,11981.0,1537.0,9.0,11904.0,-4914.0,-1.0,29.0,3
Erbil,2016-11-24,58.51309523809523,0.0,1,18776,7049,28,381.0,0.0,62.55641025641026,0.017692307692307695,28.0,22832.0,4844.0,786.0,1.0,-4056.0,2205.0,0.0,-405.0,4
Kirkuk,2016-11-24,63.6232142857143,0.0,36,12035,2798,7,71.0,37.0,67.78653846153846,0.0001923076923076923,8.0,14911.0,6428.0,217.0,-1.0,-2876.0,-3630.0,-1.0,-146.0,5
Ninewa,2016-11-24,59.95357142857142,0.0005357142857142858,453,245461,96381,295,11404.0,690.0,64.91346153846155,0.0073076923076923084,516.0,384013.0,118762.0,27085.0,-237.0,-138552.0,-22381.0,-221.0,-15681.0,6
Salahal Din,2016-11-24,66.30204081632654,0.0,9,24096,9308,4,522.0,53.0,70.99340659340659,0.0,40.0,31834.0,9791.0,946.0,-44.0,-7738.0,-483.0,-36.0,-424.0,7
Anbar,2016-12-08,54.40102040816327,0.011938775510204083,168,20441,7291,2,1089.0,59.0,65.20918367346938,0.0,16.0,19989.0,12351.0,625.0,109.0,452.0,-5060.0,-14.0,464.0,0
Babylon,2016-12-08,56.623214285714276,0.0,0,16456,6661,5,500.0,2.0,62.7375,0.0,0.0,9126.0,1829.0,938.0,-2.0,7330.0,4832.0,5.0,-438.0,1
Baghdad,2016-12-08,53.67698412698413,0.0030952380952380953,168,50989,20869,46,2775.0,149.0,62.26111111111111,0.0,56.0,59360.0,22833.0,2860.0,19.0,-8371.0,-1964.0,-10.0,-85.0,2
Diyala,2016-12-08,55.63571428571429,0.027857142857142858,10,43070,5812,0,1445.0,22.0,67.44404761904762,0.0,0.0,64338.0,7067.0,1566.0,-12.0,-21268.0,-1255.0,0.0,-121.0,3
Erbil,2016-12-08,49.19166666666667,0.0,0,15709,4642,13,1543.0,1.0,58.51309523809523,0.0,28.0,18776.0,7049.0,381.0,-1.0,-3067.0,-2407.0,-15.0,1162.0,4
Kirkuk,2016-12-08,48.81964285714287,0.0,20,6212,2691,10,130.0,36.0,63.6232142857143,0.0,7.0,12035.0,2798.0,71.0,-16.0,-5823.0,-107.0,3.0,59.0,5
Ninewa,2016-12-08,49.19017857142857,0.0,260,141229,63473,210,6971.0,453.0,59.95357142857142,0.0005357142857142858,295.0,245461.0,96381.0,11404.0,-193.0,-104232.0,-32908.0,-85.0,-4433.0,6
Salahal Din,2016-12-08,52.64183673469389,0.015918367346938776,23,26362,5660,9,313.0,9.0,66.30204081632654,0.0,4.0,24096.0,9308.0,522.0,14.0,2266.0,-3648.0,5.0,-209.0,7
Anbar,2016-12-22,47.48061224489795,0.0035714285714285718,17,38860,8240,21,3618.0,168.0,54.40102040816327,0.011938775510204083,2.0,20441.0,7291.0,1089.0,-151.0,18419.0,949.0,19.0,2529.0,0
Babylon,2016-12-22,47.833928571428565,0.0,1,16519,5832,0,148.0,0.0,56.623214285714276,0.0,5.0,16456.0,6661.0,500.0,1.0,63.0,-829.0,-5.0,-352.0,1
Baghdad,2016-12-22,46.97301587301587,0.0019841269841269845,64,59260,19060,41,3588.0,168.0,53.67698412698413,0.0030952380952380953,46.0,50989.0,20869.0,2775.0,-104.0,8271.0,-1809.0,-5.0,813.0,2
Diyala,2016-12-22,48.02857142857143,0.01380952380952381,7,47910,11982,0,1086.0,10.0,55.63571428571429,0.027857142857142858,0.0,43070.0,5812.0,1445.0,-3.0,4840.0,6170.0,0.0,-359.0,3
Erbil,2016-12-22,38.65238095238095,0.04321428571428571,7,28614,7742,22,2496.0,0.0,49.19166666666667,0.0,13.0,15709.0,4642.0,1543.0,7.0,12905.0,3100.0,9.0,953.0,4
Kirkuk,2016-12-22,44.519642857142856,0.06875,65,3982,1726,5,73.0,20.0,48.81964285714287,0.0,10.0,6212.0,2691.0,130.0,45.0,-2230.0,-965.0,-5.0,-57.0,5
Ninewa,2016-12-22,41.19732142857142,0.14598214285714284,314,140458,39008,128,5969.0,260.0,49.19017857142857,0.0,210.0,141229.0,63473.0,6971.0,54.0,-771.0,-24465.0,-82.0,-1002.0,6
Salahal Din,2016-12-22,46.785714285714285,0.031428571428571424,5,17490,5635,2,536.0,23.0,52.64183673469389,0.015918367346938776,9.0,26362.0,5660.0,313.0,-18.0,-8872.0,-25.0,-7.0,223.0,7
Anbar,2017-01-05,49.40714285714286,0.06612244897959184,9,23496,5053,8,784.0,17.0,47.48061224489795,0.0035714285714285718,21.0,38860.0,8240.0,3618.0,-8.0,-15364.0,-3187.0,-13.0,-2834.0,0
Babylon,2017-01-05,50.669642857142854,0.08285714285714287,0,8922,4614,0,497.0,1.0,47.833928571428565,0.0,0.0,16519.0,5832.0,148.0,-1.0,-7597.0,-1218.0,0.0,349.0,1
Baghdad,2017-01-05,49.98253968253969,0.08690476190476192,239,81437,21857,128,3189.0,64.0,46.97301587301587,0.0019841269841269845,41.0,59260.0,19060.0,3588.0,175.0,22177.0,2797.0,87.0,-399.0,2
Diyala,2017-01-05,50.87500000000001,0.08916666666666666,10,46650,9931,3,1584.0,7.0,48.02857142857143,0.01380952380952381,0.0,47910.0,11982.0,1086.0,3.0,-1260.0,-2051.0,3.0,498.0,3
Erbil,2017-01-05,45.64166666666667,0.085,0,28000,3664,18,738.0,7.0,38.65238095238095,0.04321428571428571,22.0,28614.0,7742.0,2496.0,-7.0,-614.0,-4078.0,-4.0,-1758.0,4
Kirkuk,2017-01-05,48.737500000000004,0.08375,27,6287,2888,5,50.0,65.0,44.519642857142856,0.06875,5.0,3982.0,1726.0,73.0,-38.0,2305.0,1162.0,0.0,-23.0,5
Ninewa,2017-01-05,47.375,0.08267857142857142,366,123814,43883,183,5337.0,314.0,41.19732142857142,0.14598214285714284,128.0,140458.0,39008.0,5969.0,52.0,-16644.0,4875.0,55.0,-632.0,6
Salahal Din,2017-01-05,49.99591836734693,0.07928571428571428,40,22347,5084,28,683.0,5.0,46.785714285714285,0.031428571428571424,2.0,17490.0,5635.0,536.0,35.0,4857.0,-551.0,26.0,147.0,7
Anbar,2017-01-19,49.88877551020408,0.007755102040816327,45,25312,8023,5,1053.0,9.0,49.40714285714286,0.06612244897959184,8.0,23496.0,5053.0,784.0,36.0,1816.0,2970.0,-3.0,269.0,0
Babylon,2017-01-19,49.68214285714286,0.0,0,10483,3347,0,208.0,0.0,50.669642857142854,0.08285714285714287,0.0,8922.0,4614.0,497.0,0.0,1561.0,-1267.0,0.0,-289.0,1
Baghdad,2017-01-19,49.8293650793651,0.0007142857142857143,204,92275,21294,143,2388.0,239.0,49.98253968253969,0.08690476190476192,128.0,81437.0,21857.0,3189.0,-35.0,10838.0,-563.0,15.0,-801.0,2
Diyala,2017-01-19,50.97023809523809,0.0071428571428571435,28,33497,5614,4,1385.0,10.0,50.87500000000001,0.08916666666666666,3.0,46650.0,9931.0,1584.0,18.0,-13153.0,-4317.0,1.0,-199.0,3
Erbil,2017-01-19,44.54047619047618,0.005714285714285714,4,15363,4829,28,288.0,0.0,45.64166666666667,0.085,18.0,28000.0,3664.0,738.0,4.0,-12637.0,1165.0,10.0,-450.0,4
Kirkuk,2017-01-19,47.65,0.012142857142857141,47,3084,1628,3,74.0,27.0,48.737500000000004,0.08375,5.0,6287.0,2888.0,50.0,20.0,-3203.0,-1260.0,-2.0,24.0,5
Ninewa,2017-01-19,46.27232142857143,0.0014285714285714286,666,202925,50633,198,8087.0,366.0,47.375,0.08267857142857142,183.0,123814.0,43883.0,5337.0,300.0,79111.0,6750.0,15.0,2750.0,6
Salahal Din,2017-01-19,49.15102040816326,0.008979591836734694,43,25515,6088,14,289.0,40.0,49.99591836734693,0.07928571428571428,28.0,22347.0,5084.0,683.0,3.0,3168.0,1004.0,-14.0,-394.0,7
Anbar,2017-02-02,48.625510204081635,0.023061224489795917,33,11203,6777,6,618.0,45.0,49.88877551020408,0.007755102040816327,5.0,25312.0,8023.0,1053.0,-12.0,-14109.0,-1246.0,1.0,-435.0,0
Babylon,2017-02-02,49.11428571428571,0.02321428571428572,0,10627,2418,0,613.0,0.0,49.68214285714286,0.0,0.0,10483.0,3347.0,208.0,0.0,144.0,-929.0,0.0,405.0,1
Baghdad,2017-02-02,48.883333333333326,0.02571428571428572,104,43439,15024,63,3134.0,204.0,49.8293650793651,0.0007142857142857143,143.0,92275.0,21294.0,2388.0,-100.0,-48836.0,-6270.0,-80.0,746.0,2
Diyala,2017-02-02,49.9404761904762,0.03464285714285714,59,49483,9181,0,1045.0,28.0,50.97023809523809,0.0071428571428571435,4.0,33497.0,5614.0,1385.0,31.0,15986.0,3567.0,-4.0,-340.0,3
Erbil,2017-02-02,39.45476190476192,0.10952380952380951,0,12340,4529,2,942.0,4.0,44.54047619047618,0.005714285714285714,28.0,15363.0,4829.0,288.0,-4.0,-3023.0,-300.0,-26.0,654.0,4
Kirkuk,2017-02-02,45.626785714285724,0.040357142857142855,51,3128,1183,1,45.0,47.0,47.65,0.012142857142857141,3.0,3084.0,1628.0,74.0,4.0,44.0,-445.0,-2.0,-29.0,5
Ninewa,2017-02-02,42.71160714285714,0.02303571428571429,771,104474,42116,124,5970.0,666.0,46.27232142857143,0.0014285714285714286,198.0,202925.0,50633.0,8087.0,105.0,-98451.0,-8517.0,-74.0,-2117.0,6
Salahal Din,2017-02-02,48.37244897959183,0.04142857142857144,59,13181,6335,6,1138.0,43.0,49.15102040816326,0.008979591836734694,14.0,25515.0,6088.0,289.0,16.0,-12334.0,247.0,-8.0,849.0,7
Anbar,2017-02-16,52.185714285714276,0.016020408163265307,14,13798,6203,4,1293.0,33.0,48.625510204081635,0.023061224489795917,6.0,11203.0,6777.0,618.0,-19.0,2595.0,-574.0,-2.0,675.0,0
Babylon,2017-02-16,51.608928571428585,0.005535714285714287,4,13578,2355,0,169.0,0.0,49.11428571428571,0.02321428571428572,0.0,10627.0,2418.0,613.0,4.0,2951.0,-63.0,0.0,-444.0,1
Baghdad,2017-02-16,50.80079365079366,0.006587301587301587,126,45346,15039,128,1800.0,104.0,48.883333333333326,0.02571428571428572,63.0,43439.0,15024.0,3134.0,22.0,1907.0,15.0,65.0,-1334.0,2
Diyala,2017-02-16,52.37738095238095,0.05583333333333333,57,43687,6231,3,695.0,59.0,49.9404761904762,0.03464285714285714,0.0,49483.0,9181.0,1045.0,-2.0,-5796.0,-2950.0,3.0,-350.0,3
Erbil,2017-02-16,42.77738095238096,0.013333333333333334,0,22151,3622,29,632.0,0.0,39.45476190476192,0.10952380952380951,2.0,12340.0,4529.0,942.0,0.0,9811.0,-907.0,27.0,-310.0,4
Kirkuk,2017-02-16,48.09107142857143,0.028928571428571432,53,6299,1842,0,354.0,51.0,45.626785714285724,0.040357142857142855,1.0,3128.0,1183.0,45.0,2.0,3171.0,659.0,-1.0,309.0,5
Ninewa,2017-02-16,45.78482142857143,0.053839285714285715,604,69373,35602,88,2961.0,771.0,42.71160714285714,0.02303571428571429,124.0,104474.0,42116.0,5970.0,-167.0,-35101.0,-6514.0,-36.0,-3009.0,6
Salahal Din,2017-02-16,50.82142857142856,0.03826530612244898,3,11717,6712,7,182.0,59.0,48.37244897959183,0.04142857142857144,6.0,13181.0,6335.0,1138.0,-56.0,-1464.0,377.0,1.0,-956.0,7
Anbar,2017-03-02,55.07959183673471,0.00040816326530612246,23,17806,7945,6,1995.0,14.0,52.185714285714276,0.016020408163265307,4.0,13798.0,6203.0,1293.0,9.0,4008.0,1742.0,2.0,702.0,0
Babylon,2017-03-02,53.76428571428572,0.0007142857142857143,0,15524,6951,0,364.0,4.0,51.608928571428585,0.005535714285714287,0.0,13578.0,2355.0,169.0,-4.0,1946.0,4596.0,0.0,195.0,1
Baghdad,2017-03-02,53.85396825396826,0.0,207,84634,23645,223,2931.0,126.0,50.80079365079366,0.006587301587301587,128.0,45346.0,15039.0,1800.0,81.0,39288.0,8606.0,95.0,1131.0,2
Diyala,2017-03-02,56.10357142857142,0.002857142857142857,40,64292,9421,3,1164.0,57.0,52.37738095238095,0.05583333333333333,3.0,43687.0,6231.0,695.0,-17.0,20605.0,3190.0,0.0,469.0,3
Erbil,2017-03-02,46.74880952380953,0.010952380952380953,2,20676,9941,16,311.0,0.0,42.77738095238096,0.013333333333333334,29.0,22151.0,3622.0,632.0,2.0,-1475.0,6319.0,-13.0,-321.0,4
Kirkuk,2017-03-02,50.68214285714286,0.01875,45,9926,4237,2,171.0,53.0,48.09107142857143,0.028928571428571432,0.0,6299.0,1842.0,354.0,-8.0,3627.0,2395.0,2.0,-183.0,5
Ninewa,2017-03-02,49.395535714285714,0.002678571428571429,656,180193,71495,364,5675.0,604.0,45.78482142857143,0.053839285714285715,88.0,69373.0,35602.0,2961.0,52.0,110820.0,35893.0,276.0,2714.0,6
Salahal Din,2017-03-02,54.32755102040816,0.009489795918367346,29,19308,7441,2,450.0,3.0,50.82142857142856,0.03826530612244898,7.0,11717.0,6712.0,182.0,26.0,7591.0,729.0,-5.0,268.0,7
Anbar,2017-03-16,64.30306122448978,0.02112244897959184,4,13233,5632,14,1976.0,23.0,55.07959183673471,0.00040816326530612246,6.0,17806.0,7945.0,1995.0,-19.0,-4573.0,-2313.0,8.0,-19.0,0
Babylon,2017-03-16,63.955357142857146,0.0066071428571428574,2,11606,2620,0,383.0,0.0,53.76428571428572,0.0007142857142857143,0.0,15524.0,6951.0,364.0,2.0,-3918.0,-4331.0,0.0,19.0,1
Baghdad,2017-03-16,63.22539682539683,0.029523809523809525,41,65070,15593,89,2780.0,207.0,53.85396825396826,0.0,223.0,84634.0,23645.0,2931.0,-166.0,-19564.0,-8052.0,-134.0,-151.0,2
Diyala,2017-03-16,64.42380952380952,0.04619047619047619,17,45368,7036,1,1199.0,40.0,56.10357142857142,0.002857142857142857,3.0,64292.0,9421.0,1164.0,-23.0,-18924.0,-2385.0,-2.0,35.0,3
Erbil,2017-03-16,52.74285714285714,0.050357142857142864,0,35989,11112,28,1819.0,2.0,46.74880952380953,0.010952380952380953,16.0,20676.0,9941.0,311.0,-2.0,15313.0,1171.0,12.0,1508.0,4
Kirkuk,2017-03-16,58.84285714285715,0.06053571428571429,14,10690,1730,3,297.0,45.0,50.68214285714286,0.01875,2.0,9926.0,4237.0,171.0,-31.0,764.0,-2507.0,1.0,126.0,5
Ninewa,2017-03-16,56.71071428571428,0.05312499999999999,399,174412,69289,329,12236.0,656.0,49.395535714285714,0.002678571428571429,364.0,180193.0,71495.0,5675.0,-257.0,-5781.0,-2206.0,-35.0,6561.0,6
Salahal Din,2017-03-16,62.23571428571428,0.06285714285714285,10,21611,6556,18,620.0,29.0,54.32755102040816,0.009489795918367346,2.0,19308.0,7441.0,450.0,-19.0,2303.0,-885.0,16.0,170.0,7
Anbar,2017-03-30,64.39795918367346,0.07397959183673468,11,25297,8277,0,817.0,4.0,64.30306122448978,0.02112244897959184,14.0,13233.0,5632.0,1976.0,7.0,12064.0,2645.0,-14.0,-1159.0,0
Babylon,2017-03-30,64.71964285714284,0.04107142857142858,1,17111,3863,0,1107.0,2.0,63.955357142857146,0.0066071428571428574,0.0,11606.0,2620.0,383.0,-1.0,5505.0,1243.0,0.0,724.0,1
Baghdad,2017-03-30,64.31904761904761,0.1757142857142857,59,54875,24704,46,2550.0,41.0,63.22539682539683,0.029523809523809525,89.0,65070.0,15593.0,2780.0,18.0,-10195.0,9111.0,-43.0,-230.0,2
Diyala,2017-03-30,64.36190476190477,0.12095238095238094,7,60042,9510,2,1599.0,17.0,64.42380952380952,0.04619047619047619,1.0,45368.0,7036.0,1199.0,-10.0,14674.0,2474.0,1.0,400.0,3
Erbil,2017-03-30,52.13690476190476,0.09238095238095237,0,41758,8838,0,447.0,0.0,52.74285714285714,0.050357142857142864,28.0,35989.0,11112.0,1819.0,0.0,5769.0,-2274.0,-28.0,-1372.0,4
Kirkuk,2017-03-30,57.30892857142857,0.1030357142857143,6,14909,3039,4,45.0,14.0,58.84285714285715,0.06053571428571429,3.0,10690.0,1730.0,297.0,-8.0,4219.0,1309.0,1.0,-252.0,5
Ninewa,2017-03-30,54.996428571428574,0.06464285714285714,1137,172464,82594,256,5268.0,399.0,56.71071428571428,0.05312499999999999,329.0,174412.0,69289.0,12236.0,738.0,-1948.0,13305.0,-73.0,-6968.0,6
Salahal Din,2017-03-30,61.72346938775511,0.0960204081632653,12,15820,6232,3,442.0,10.0,62.23571428571428,0.06285714285714285,18.0,21611.0,6556.0,620.0,2.0,-5791.0,-324.0,-15.0,-178.0,7
Anbar,2017-04-13,69.48163265306123,0.030408163265306123,29,16246,6443,6,327.0,11.0,64.39795918367346,0.07397959183673468,0.0,25297.0,8277.0,817.0,18.0,-9051.0,-1834.0,6.0,-490.0,0
Babylon,2017-04-13,70.30357142857143,0.008035714285714287,0,15286,4246,0,131.0,1.0,64.71964285714284,0.04107142857142858,0.0,17111.0,3863.0,1107.0,-1.0,-1825.0,383.0,0.0,-976.0,1
Baghdad,2017-04-13,69.85952380952382,0.015158730158730158,45,57780,20373,121,197.0,59.0,64.31904761904761,0.1757142857142857,46.0,54875.0,24704.0,2550.0,-14.0,2905.0,-4331.0,75.0,-2353.0,2
Diyala,2017-04-13,70.9857142857143,0.022380952380952383,5,62224,12396,0,240.0,7.0,64.36190476190477,0.12095238095238094,2.0,60042.0,9510.0,1599.0,-2.0,2182.0,2886.0,-2.0,-1359.0,3
Erbil,2017-04-13,57.416666666666664,0.07845238095238097,1,34411,9859,18,215.0,0.0,52.13690476190476,0.09238095238095237,0.0,41758.0,8838.0,447.0,1.0,-7347.0,1021.0,18.0,-232.0,4
Kirkuk,2017-04-13,63.76785714285713,0.05232142857142857,6,18266,2670,5,2.0,6.0,57.30892857142857,0.1030357142857143,4.0,14909.0,3039.0,45.0,0.0,3357.0,-369.0,1.0,-43.0,5
Ninewa,2017-04-13,60.52589285714286,0.07732142857142857,779,98880,52664,231,634.0,1137.0,54.996428571428574,0.06464285714285714,256.0,172464.0,82594.0,5268.0,-358.0,-73584.0,-29930.0,-25.0,-4634.0,6
Salahal Din,2017-04-13,68.25102040816327,0.02387755102040817,38,17685,6447,42,24.0,12.0,61.72346938775511,0.0960204081632653,3.0,15820.0,6232.0,442.0,26.0,1865.0,215.0,39.0,-418.0,7
Anbar,2017-04-27,76.80204081632654,0.011122448979591837,7,21309,7348,13,0.0,29.0,69.48163265306123,0.030408163265306123,6.0,16246.0,6443.0,327.0,-22.0,5063.0,905.0,7.0,-327.0,0
Babylon,2017-04-27,75.6125,0.04982142857142857,3,13652,2377,0,0.0,0.0,70.30357142857143,0.008035714285714287,0.0,15286.0,4246.0,131.0,3.0,-1634.0,-1869.0,0.0,-131.0,1
Baghdad,2017-04-27,75.81269841269841,0.013492063492063491,17,57342,15951,72,0.0,45.0,69.85952380952382,0.015158730158730158,121.0,57780.0,20373.0,197.0,-28.0,-438.0,-4422.0,-49.0,-197.0,2
Diyala,2017-04-27,77.8690476190476,0.004047619047619048,47,78213,14101,1,0.0,5.0,70.9857142857143,0.022380952380952383,0.0,62224.0,12396.0,240.0,42.0,15989.0,1705.0,1.0,-240.0,3
Erbil,2017-04-27,64.13214285714285,0.10976190476190474,1,43881,11150,38,0.0,1.0,57.416666666666664,0.07845238095238097,18.0,34411.0,9859.0,215.0,0.0,9470.0,1291.0,20.0,-215.0,4
Kirkuk,2017-04-27,70.33392857142856,0.03392857142857143,2,7257,3023,2,0.0,6.0,63.76785714285713,0.05232142857142857,5.0,18266.0,2670.0,2.0,-4.0,-11009.0,353.0,-3.0,-2.0,5
Ninewa,2017-04-27,66.08749999999999,0.13776785714285714,685,93562,39108,212,0.0,779.0,60.52589285714286,0.07732142857142857,231.0,98880.0,52664.0,634.0,-94.0,-5318.0,-13556.0,-19.0,-634.0,6
Salahal Din,2017-04-27,75.1826530612245,0.012448979591836735,7,12894,3998,3,0.0,38.0,68.25102040816327,0.02387755102040817,42.0,17685.0,6447.0,24.0,-31.0,-4791.0,-2449.0,-39.0,-24.0,7
Anbar,2017-05-15,85.73253968253968,0.007539682539682541,115,6719,3412,25,556.0,7.0,76.80204081632654,0.011122448979591837,13.0,21309.0,7348.0,0.0,108.0,-14590.0,-3936.0,12.0,556.0,0
Babylon,2017-05-15,84.58333333333331,0.002499999999999999,0,13926,2328,0,181.0,3.0,75.6125,0.04982142857142857,0.0,13652.0,2377.0,0.0,-3.0,274.0,-49.0,0.0,181.0,1
Baghdad,2017-05-15,85.3962962962963,0.0007407407407407406,32,45561,13282,50,971.0,17.0,75.81269841269841,0.013492063492063491,72.0,57342.0,15951.0,0.0,15.0,-11781.0,-2669.0,-22.0,971.0,2
Diyala,2017-05-15,87.64351851851852,0.00925925925925926,115,49155,8278,0,1277.0,47.0,77.8690476190476,0.004047619047619048,1.0,78213.0,14101.0,0.0,68.0,-29058.0,-5823.0,-1.0,1277.0,3
Erbil,2017-05-15,73.18611111111113,0.032685185185185185,2,43709,6858,10,187.0,1.0,64.13214285714285,0.10976190476190474,38.0,43881.0,11150.0,0.0,1.0,-172.0,-4292.0,-28.0,187.0,4
Kirkuk,2017-05-15,79.82916666666667,0.0031944444444444446,6,10917,2118,22,215.0,2.0,70.33392857142856,0.03392857142857143,2.0,7257.0,3023.0,0.0,4.0,3660.0,-905.0,20.0,215.0,5
Ninewa,2017-05-15,75.62291666666664,0.05118055555555556,705,98331,33301,157,2743.0,685.0,66.08749999999999,0.13776785714285714,212.0,93562.0,39108.0,0.0,20.0,4769.0,-5807.0,-55.0,2743.0,6
Salahal Din,2017-05-15,85.18253968253968,0.008492063492063492,20,15922,3364,4,183.0,7.0,75.1826530612245,0.012448979591836735,3.0,12894.0,3998.0,0.0,13.0,3028.0,-634.0,1.0,183.0,7
Anbar,2017-05-30,89.47333333333334,0.00019047619047619048,15,1183,408,17,22.0,115.0,85.73253968253968,0.007539682539682541,25.0,6719.0,3412.0,556.0,-100.0,-5536.0,-3004.0,-8.0,-534.0,0
Babylon,2017-05-30,87.835,0.00016666666666666666,0,1457,221,0,30.0,0.0,84.58333333333331,0.002499999999999999,0.0,13926.0,2328.0,181.0,0.0,-12469.0,-2107.0,0.0,-151.0,1
Baghdad,2017-05-30,87.9651851851852,0.0,75,6272,1449,43,692.0,32.0,85.3962962962963,0.0007407407407407406,50.0,45561.0,13282.0,971.0,43.0,-39289.0,-11833.0,-7.0,-279.0,2
Diyala,2017-05-30,91.06444444444443,0.0,30,2992,691,12,107.0,115.0,87.64351851851852,0.00925925925925926,0.0,49155.0,8278.0,1277.0,-85.0,-46163.0,-7587.0,12.0,-1170.0,3
Erbil,2017-05-30,78.72111111111111,0.002111111111111111,1,1895,478,9,23.0,2.0,73.18611111111113,0.032685185185185185,10.0,43709.0,6858.0,187.0,-1.0,-41814.0,-6380.0,-1.0,-164.0,4
Kirkuk,2017-05-30,84.56,0.001,2,3291,752,0,18.0,6.0,79.82916666666667,0.0031944444444444446,22.0,10917.0,2118.0,215.0,-4.0,-7626.0,-1366.0,-22.0,-197.0,5
Ninewa,2017-05-30,80.82499999999999,0.0015,505,40612,11506,174,8299.0,705.0,75.62291666666664,0.05118055555555556,157.0,98331.0,33301.0,2743.0,-200.0,-57719.0,-21795.0,17.0,5556.0,6
Salahal Din,2017-05-30,88.64666666666666,0.00028571428571428574,20,0,0,1,446.0,20.0,85.18253968253968,0.008492063492063492,4.0,15922.0,3364.0,183.0,0.0,-15922.0,-3364.0,-3.0,263.0,7
Anbar,2017-06-15,95.04285714285716,0.0,24,2410,762,2,119.0,15.0,89.47333333333334,0.00019047619047619048,17.0,1183.0,408.0,22.0,9.0,1227.0,354.0,-15.0,97.0,0
Babylon,2017-06-15,91.60312500000002,0.0,33,1973,552,4,78.0,0.0,87.835,0.00016666666666666666,0.0,1457.0,221.0,30.0,33.0,516.0,331.0,4.0,48.0,1
Baghdad,2017-06-15,93.24583333333334,0.0,17,8354,2633,89,362.0,75.0,87.9651851851852,0.0,43.0,6272.0,1449.0,692.0,-58.0,2082.0,1184.0,46.0,-330.0,2
Diyala,2017-06-15,97.21562500000002,0.0,43,19601,3262,1,146.0,30.0,91.06444444444443,0.0,12.0,2992.0,691.0,107.0,13.0,16609.0,2571.0,-11.0,39.0,3
Erbil,2017-06-15,85.74479166666666,0.0,2,2406,526,24,29.0,1.0,78.72111111111111,0.002111111111111111,9.0,1895.0,478.0,23.0,1.0,511.0,48.0,15.0,6.0,4
Kirkuk,2017-06-15,91.8140625,0.0,2,1750,358,2,100.0,2.0,84.56,0.001,0.0,3291.0,752.0,18.0,0.0,-1541.0,-394.0,2.0,82.0,5
Ninewa,2017-06-15,88.15078125,0.0,1000,35159,11720,175,2871.0,505.0,80.82499999999999,0.0015,174.0,40612.0,11506.0,8299.0,495.0,-5453.0,214.0,1.0,-5428.0,6
Salahal Din,2017-06-15,95.43482142857144,0.0,22,0,0,5,36.0,20.0,88.64666666666666,0.00028571428571428574,1.0,0.0,0.0,446.0,2.0,0.0,0.0,4.0,-410.0,7
Anbar,2017-06-30,97.27428571428572,0.0,7,2523,735,7,892.0,24.0,95.04285714285716,0.0,2.0,2410.0,762.0,119.0,-17.0,113.0,-27.0,5.0,773.0,0
Babylon,2017-06-30,94.86,0.0,3,6122,786,0,84.0,33.0,91.60312500000002,0.0,4.0,1973.0,552.0,78.0,-30.0,4149.0,234.0,-4.0,6.0,1
Baghdad,2017-06-30,96.22444444444444,0.0,80,6599,1774,44,510.0,17.0,93.24583333333334,0.0,89.0,8354.0,2633.0,362.0,63.0,-1755.0,-859.0,-45.0,148.0,2
Diyala,2017-06-30,99.42,0.0,75,3219,665,3,129.0,43.0,97.21562500000002,0.0,1.0,19601.0,3262.0,146.0,32.0,-16382.0,-2597.0,2.0,-17.0,3
Erbil,2017-06-30,88.17444444444443,0.0,0,1751,477,14,52.0,2.0,85.74479166666666,0.0,24.0,2406.0,526.0,29.0,-2.0,-655.0,-49.0,-10.0,23.0,4
Kirkuk,2017-06-30,94.98,0.0,2,1442,286,9,80.0,2.0,91.8140625,0.0,2.0,1750.0,358.0,100.0,0.0,-308.0,-72.0,7.0,-20.0,5
Ninewa,2017-06-30,91.61083333333335,0.0,888,42502,12108,258,3791.0,1000.0,88.15078125,0.0,175.0,35159.0,11720.0,2871.0,-112.0,7343.0,388.0,83.0,920.0,6
Salahal Din,2017-06-30,97.72095238095238,0.0,17,0,0,14,208.0,22.0,95.43482142857144,0.0,5.0,0.0,0.0,36.0,-5.0,0.0,0.0,9.0,172.0,7
Anbar,2017-07-15,103.86476190476192,0.0,28,1365,980,21,109.0,7.0,97.27428571428572,0.0,7.0,2523.0,735.0,892.0,21.0,-1158.0,245.0,14.0,-783.0,0
Babylon,2017-07-15,99.52500000000002,0.0,22,1721,383,0,32.0,3.0,94.86,0.0,0.0,6122.0,786.0,84.0,19.0,-4401.0,-403.0,0.0,-52.0,1
Baghdad,2017-07-15,102.31777777777778,0.0,43,7223,2071,31,719.0,80.0,96.22444444444444,0.0,44.0,6599.0,1774.0,510.0,-37.0,624.0,297.0,-13.0,209.0,2
Diyala,2017-07-15,105.22444444444444,0.0,181,4120,772,6,281.0,75.0,99.42,0.0,3.0,3219.0,665.0,129.0,106.0,901.0,107.0,3.0,152.0,3
Erbil,2017-07-15,95.66222222222223,0.0,2,2080,647,28,55.0,0.0,88.17444444444443,0.0,14.0,1751.0,477.0,52.0,2.0,329.0,170.0,14.0,3.0,4
Kirkuk,2017-07-15,100.94333333333334,0.0,0,2494,783,4,217.0,2.0,94.98,0.0,9.0,1442.0,286.0,80.0,-2.0,1052.0,497.0,-5.0,137.0,5
Ninewa,2017-07-15,98.88583333333335,0.0,719,63097,21092,813,5653.0,888.0,91.61083333333335,0.0,258.0,42502.0,12108.0,3791.0,-169.0,20595.0,8984.0,555.0,1862.0,6
Salahal Din,2017-07-15,104.09809523809524,0.0,11,0,0,4,152.0,17.0,97.72095238095238,0.0,14.0,0.0,0.0,208.0,-6.0,0.0,0.0,-10.0,-56.0,7
Anbar,2017-07-30,103.60666666666665,0.0,79,1532,329,10,85.0,28.0,103.86476190476192,0.0,21.0,1365.0,980.0,109.0,51.0,167.0,-651.0,-11.0,-24.0,0
Babylon,2017-07-30,100.74166666666666,0.0,4,1414,253,0,28.0,22.0,99.52500000000002,0.0,0.0,1721.0,383.0,32.0,-18.0,-307.0,-130.0,0.0,-4.0,1
Baghdad,2017-07-30,102.65777777777778,0.0,50,7757,1334,76,545.0,43.0,102.31777777777778,0.0,31.0,7223.0,2071.0,719.0,7.0,534.0,-737.0,45.0,-174.0,2
Diyala,2017-07-30,105.26888888888888,0.0,18,4034,628,4,156.0,181.0,105.22444444444444,0.0,6.0,4120.0,772.0,281.0,-163.0,-86.0,-144.0,-2.0,-125.0,3
Erbil,2017-07-30,96.57111111111111,0.0,0,1768,490,5,95.0,2.0,95.66222222222223,0.0,28.0,2080.0,647.0,55.0,-2.0,-312.0,-157.0,-23.0,40.0,4
Kirkuk,2017-07-30,100.06999999999998,0.0,16,1874,211,5,24.0,0.0,100.94333333333334,0.0,4.0,2494.0,783.0,217.0,16.0,-620.0,-572.0,1.0,-193.0,5
Ninewa,2017-07-30,98.5325,0.0,212,22413,6771,175,2930.0,719.0,98.88583333333335,0.0,813.0,63097.0,21092.0,5653.0,-507.0,-40684.0,-14321.0,-638.0,-2723.0,6
Salahal Din,2017-07-30,103.2352380952381,0.0,16,0,0,10,96.0,11.0,104.09809523809524,0.0,4.0,0.0,0.0,152.0,5.0,0.0,0.0,6.0,-56.0,7
Anbar,2017-08-15,104.17053571428572,0.0,5,1313,859,7,111.0,79.0,103.60666666666665,0.0,10.0,1532.0,329.0,85.0,-74.0,-219.0,530.0,-3.0,26.0,0
Babylon,2017-08-15,99.4375,0.0,3,1062,252,0,17.0,4.0,100.74166666666666,0.0,0.0,1414.0,253.0,28.0,-1.0,-352.0,-1.0,0.0,-11.0,1
Baghdad,2017-08-15,102.98819444444446,0.0,23,5279,1626,95,357.0,50.0,102.65777777777778,0.0,76.0,7757.0,1334.0,545.0,-27.0,-2478.0,292.0,19.0,-188.0,2
Diyala,2017-08-15,106.128125,0.0,83,4212,651,8,252.0,18.0,105.26888888888888,0.0,4.0,4034.0,628.0,156.0,65.0,178.0,23.0,4.0,96.0,3
Erbil,2017-08-15,97.39895833333333,0.0,0,2261,558,31,53.0,0.0,96.57111111111111,0.0,5.0,1768.0,490.0,95.0,0.0,493.0,68.0,26.0,-42.0,4
Kirkuk,2017-08-15,101.9546875,0.0,3,1308,446,5,17.0,16.0,100.06999999999998,0.0,5.0,1874.0,211.0,24.0,-13.0,-566.0,235.0,0.0,-7.0,5
Ninewa,2017-08-15,99.33671874999999,0.0,170,18544,5562,64,3917.0,212.0,98.5325,0.0,175.0,22413.0,6771.0,2930.0,-42.0,-3869.0,-1209.0,-111.0,987.0,6
Salahal Din,2017-08-15,104.07142857142858,0.0,3,0,0,2,73.0,16.0,103.2352380952381,0.0,10.0,0.0,0.0,96.0,-13.0,0.0,0.0,-8.0,-23.0,7
Anbar,2017-08-30,99.94190476190478,0.0,47,1042,536,6,89.0,5.0,104.17053571428572,0.0,7.0,1313.0,859.0,111.0,42.0,-271.0,-323.0,-1.0,-22.0,0
Babylon,2017-08-30,98.00500000000002,0.0,3,1653,277,0,9.0,3.0,99.4375,0.0,0.0,1062.0,252.0,17.0,0.0,591.0,25.0,0.0,-8.0,1
Baghdad,2017-08-30,99.18444444444444,0.0,50,4131,1765,179,1573.0,23.0,102.98819444444446,0.0,95.0,5279.0,1626.0,357.0,27.0,-1148.0,139.0,84.0,1216.0,2
Diyala,2017-08-30,101.0911111111111,0.0,23,2555,438,6,93.0,83.0,106.128125,0.0,8.0,4212.0,651.0,252.0,-60.0,-1657.0,-213.0,-2.0,-159.0,3
Erbil,2017-08-30,93.48444444444445,0.0,3,1799,447,91,24.0,0.0,97.39895833333333,0.0,31.0,2261.0,558.0,53.0,3.0,-462.0,-111.0,60.0,-29.0,4
Kirkuk,2017-08-30,97.68333333333334,0.0,12,1689,876,30,41.0,3.0,101.9546875,0.0,5.0,1308.0,446.0,17.0,9.0,381.0,430.0,25.0,24.0,5
Ninewa,2017-08-30,95.15333333333334,0.0,206,17824,6767,248,1662.0,170.0,99.33671874999999,0.0,64.0,18544.0,5562.0,3917.0,36.0,-720.0,1205.0,184.0,-2255.0,6
Salahal Din,2017-08-30,99.2057142857143,0.0,7,0,0,33,21.0,3.0,104.07142857142858,0.0,2.0,0.0,0.0,73.0,4.0,0.0,0.0,31.0,-52.0,7
Anbar,2017-09-15,98.89910714285713,0.0,53,1402,706,4,83.0,47.0,99.94190476190478,0.0,6.0,1042.0,536.0,89.0,6.0,360.0,170.0,-2.0,-6.0,0
Babylon,2017-09-15,93.578125,0.0,13,2493,327,0,50.0,3.0,98.00500000000002,0.0,0.0,1653.0,277.0,9.0,10.0,840.0,50.0,0.0,41.0,1
Baghdad,2017-09-15,96.42152777777777,0.0,72,4094,1407,124,4583.0,50.0,99.18444444444444,0.0,179.0,4131.0,1765.0,1573.0,22.0,-37.0,-358.0,-55.0,3010.0,2
Diyala,2017-09-15,99.27395833333333,0.0,19,2553,405,6,65.0,23.0,101.0911111111111,0.0,6.0,2555.0,438.0,93.0,-4.0,-2.0,-33.0,0.0,-28.0,3
Erbil,2017-09-15,90.446875,0.0,0,2582,678,48,20.0,3.0,93.48444444444445,0.0,91.0,1799.0,447.0,24.0,-3.0,783.0,231.0,-43.0,-4.0,4
Kirkuk,2017-09-15,95.43125,0.0,10,2447,1140,46,46.0,12.0,97.68333333333334,0.0,30.0,1689.0,876.0,41.0,-2.0,758.0,264.0,16.0,5.0,5
Ninewa,2017-09-15,92.18359375000001,0.0,22,13182,3393,105,5491.0,206.0,95.15333333333334,0.0,248.0,17824.0,6767.0,1662.0,-184.0,-4642.0,-3374.0,-143.0,3829.0,6
Salahal Din,2017-09-15,97.28928571428571,0.0,18,0,0,17,28.0,7.0,99.2057142857143,0.0,33.0,0.0,0.0,21.0,11.0,0.0,0.0,-16.0,7.0,7
Anbar,2017-09-30,93.43904761904763,0.0,23,2909,1164,54,1060.0,53.0,98.89910714285713,0.0,4.0,1402.0,706.0,83.0,-30.0,1507.0,458.0,50.0,977.0,0
Babylon,2017-09-30,89.98166666666665,0.0,135,891,274,0,15.0,13.0,93.578125,0.0,0.0,2493.0,327.0,50.0,122.0,-1602.0,-53.0,0.0,-35.0,1
Baghdad,2017-09-30,92.10222222222224,0.0,70,8256,1923,279,2169.0,72.0,96.42152777777777,0.0,124.0,4094.0,1407.0,4583.0,-2.0,4162.0,516.0,155.0,-2414.0,2
Diyala,2017-09-30,95.43333333333335,0.0,94,2916,533,1,66.0,19.0,99.27395833333333,0.0,6.0,2553.0,405.0,65.0,75.0,363.0,128.0,-5.0,1.0,3
Erbil,2017-09-30,86.6188888888889,0.0,0,7720,2590,201,66.0,0.0,90.446875,0.0,48.0,2582.0,678.0,20.0,0.0,5138.0,1912.0,153.0,46.0,4
Kirkuk,2017-09-30,90.71666666666668,0.0,38,3092,1264,55,91.0,10.0,95.43125,0.0,46.0,2447.0,1140.0,46.0,28.0,645.0,124.0,9.0,45.0,5
Ninewa,2017-09-30,88.46250000000002,0.0,193,10804,3408,44,5219.0,22.0,92.18359375000001,0.0,105.0,13182.0,3393.0,5491.0,171.0,-2378.0,15.0,-61.0,-272.0,6
Salahal Din,2017-09-30,93.44095238095238,0.0,42,0,0,9,204.0,18.0,97.28928571428571,0.0,17.0,0.0,0.0,28.0,24.0,0.0,0.0,-8.0,176.0,7
Anbar,2017-10-15,82.90095238095238,0.0,60,427,162,13,19.0,23.0,93.43904761904763,0.0,54.0,2909.0,1164.0,1060.0,37.0,-2482.0,-1002.0,-41.0,-1041.0,0
Babylon,2017-10-15,81.06666666666668,0.0,60,90,26,0,4.0,135.0,89.98166666666665,0.0,0.0,891.0,274.0,15.0,-75.0,-801.0,-248.0,0.0,-11.0,1
Baghdad,2017-10-15,81.09851851851853,0.0,86,519,202,197,305.0,70.0,92.10222222222224,0.0,279.0,8256.0,1923.0,2169.0,16.0,-7737.0,-1721.0,-82.0,-1864.0,2
Diyala,2017-10-15,84.05,0.0,2,361,60,8,14.0,94.0,95.43333333333335,0.0,1.0,2916.0,533.0,66.0,-92.0,-2555.0,-473.0,7.0,-52.0,3
Erbil,2017-10-15,71.9877777777778,0.0,0,479,229,110,9.0,0.0,86.6188888888889,0.0,201.0,7720.0,2590.0,66.0,0.0,-7241.0,-2361.0,-91.0,-57.0,4
Kirkuk,2017-10-15,79.45,0.0,3,136,59,145,39.0,38.0,90.71666666666668,0.0,55.0,3092.0,1264.0,91.0,-35.0,-2956.0,-1205.0,90.0,-52.0,5
Ninewa,2017-10-15,74.95916666666668,0.0,98,1402,313,17,667.0,193.0,88.46250000000002,0.0,44.0,10804.0,3408.0,5219.0,-95.0,-9402.0,-3095.0,-27.0,-4552.0,6
Salahal Din,2017-10-15,81.8295238095238,0.0,1,33,21,4,4.0,42.0,93.44095238095238,0.0,9.0,0.0,0.0,204.0,-41.0,33.0,21.0,-5.0,-200.0,7
Anbar,2017-10-31,78.33839285714285,8.928571428571429e-05,1,60,11,15,10.0,60.0,82.90095238095238,0.0,13.0,427.0,162.0,19.0,-59.0,-367.0,-151.0,2.0,-9.0,0
Babylon,2017-10-31,74.978125,0.0,3,22,3,0,0.0,60.0,81.06666666666668,0.0,0.0,90.0,26.0,4.0,-57.0,-68.0,-23.0,0.0,-4.0,1
Baghdad,2017-10-31,77.0361111111111,0.00013888888888888892,54,511,24,430,8.0,86.0,81.09851851851853,0.0,197.0,519.0,202.0,305.0,-32.0,-8.0,-178.0,233.0,-297.0,2
Diyala,2017-10-31,79.27083333333333,0.0010416666666666667,84,276,26,10,4.0,2.0,84.05,0.0,8.0,361.0,60.0,14.0,82.0,-85.0,-34.0,2.0,-10.0,3
Erbil,2017-10-31,70.10000000000001,0.0,0,176,38,175,6.0,0.0,71.9877777777778,0.0,110.0,479.0,229.0,9.0,0.0,-303.0,-191.0,65.0,-3.0,4
Kirkuk,2017-10-31,75.075,0.00375,83,110,61,373,4.0,3.0,79.45,0.0,145.0,136.0,59.0,39.0,80.0,-26.0,2.0,228.0,-35.0,5
Ninewa,2017-10-31,72.01484375000001,0.0,95,342,97,51,77.0,98.0,74.95916666666668,0.0,17.0,1402.0,313.0,667.0,-3.0,-1060.0,-216.0,34.0,-590.0,6
Salahal Din,2017-10-31,77.54374999999999,0.0014285714285714286,1,140,188,6,5.0,1.0,81.8295238095238,0.0,4.0,33.0,21.0,4.0,0.0,107.0,167.0,2.0,1.0,7
Anbar,2017-11-15,72.03904761904761,0.00038095238095238096,15,12667,1362,87,177.0,1.0,78.33839285714285,8.928571428571429e-05,15.0,60.0,11.0,10.0,14.0,12607.0,1351.0,72.0,167.0,0
Babylon,2017-11-15,70.58833333333334,0.0003333333333333333,2,6657,2043,0,140.0,3.0,74.978125,0.0,0.0,22.0,3.0,0.0,-1.0,6635.0,2040.0,0.0,140.0,1
Baghdad,2017-11-15,71.08592592592592,0.0,25,19412,13334,102,467.0,54.0,77.0361111111111,0.00013888888888888892,430.0,511.0,24.0,8.0,-29.0,18901.0,13310.0,-328.0,459.0,2
Diyala,2017-11-15,73.61333333333332,0.0006666666666666666,5,31495,6001,0,735.0,84.0,79.27083333333333,0.0010416666666666667,10.0,276.0,26.0,4.0,-79.0,31219.0,5975.0,-10.0,731.0,3
Erbil,2017-11-15,61.823333333333345,0.04200000000000001,1,17434,3246,48,156.0,0.0,70.10000000000001,0.0,175.0,176.0,38.0,6.0,1.0,17258.0,3208.0,-127.0,150.0,4
Kirkuk,2017-11-15,70.06833333333333,0.0105,14,7403,2020,24,93.0,83.0,75.075,0.00375,373.0,110.0,61.0,4.0,-69.0,7293.0,1959.0,-349.0,89.0,5
Ninewa,2017-11-15,64.31333333333333,0.0335,107,16731,6351,13,518.0,95.0,72.01484375000001,0.0,51.0,342.0,97.0,77.0,12.0,16389.0,6254.0,-38.0,441.0,6
Salahal Din,2017-11-15,71.68761904761904,0.0005714285714285715,0,12755,2810,25,61.0,1.0,77.54374999999999,0.0014285714285714286,6.0,140.0,188.0,5.0,-1.0,12615.0,2622.0,19.0,56.0,7
Anbar,2017-11-29,62.525510204081634,0.0012244897959183675,6,13205,3610,22,1079.0,15.0,72.03904761904761,0.00038095238095238096,87.0,12667.0,1362.0,177.0,-9.0,538.0,2248.0,-65.0,902.0,0
Babylon,2017-11-29,61.078571428571436,0.0075,4,18464,2145,0,681.0,2.0,70.58833333333334,0.0003333333333333333,0.0,6657.0,2043.0,140.0,2.0,11807.0,102.0,0.0,541.0,1
Baghdad,2017-11-29,61.55238095238095,0.002857142857142857,44,31929,5984,104,1120.0,25.0,71.08592592592592,0.0,102.0,19412.0,13334.0,467.0,19.0,12517.0,-7350.0,2.0,653.0,2
Diyala,2017-11-29,62.88571428571428,0.004285714285714286,4,49428,9194,1,460.0,5.0,73.61333333333332,0.0006666666666666666,0.0,31495.0,6001.0,735.0,-1.0,17933.0,3193.0,1.0,-275.0,3
Erbil,2017-11-29,52.930952380952384,0.07666666666666666,3,26934,5782,63,104.0,1.0,61.823333333333345,0.04200000000000001,48.0,17434.0,3246.0,156.0,2.0,9500.0,2536.0,15.0,-52.0,4
Kirkuk,2017-11-29,57.767857142857146,0.04732142857142858,0,6750,1559,12,188.0,14.0,70.06833333333333,0.0105,24.0,7403.0,2020.0,93.0,-14.0,-653.0,-461.0,-12.0,95.0,5
Ninewa,2017-11-29,55.7,0.021428571428571432,35,28689,7165,7,1108.0,107.0,64.31333333333333,0.0335,13.0,16731.0,6351.0,518.0,-72.0,11958.0,814.0,-6.0,590.0,6
Salahal Din,2017-11-29,60.51836734693878,0.0067346938775510205,69,16036,3593,11,523.0,0.0,71.68761904761904,0.0005714285714285715,25.0,12755.0,2810.0,61.0,69.0,3281.0,783.0,-14.0,462.0,7
Anbar,2017-12-15,53.98839285714285,0.00026785714285714287,32,10694,2984,13,601.0,6.0,62.525510204081634,0.0012244897959183675,22.0,13205.0,3610.0,1079.0,26.0,-2511.0,-626.0,-9.0,-478.0,0
Babylon,2017-12-15,54.6640625,0.0,4,21294,13260,0,494.0,4.0,61.078571428571436,0.0075,0.0,18464.0,2145.0,681.0,0.0,2830.0,11115.0,0.0,-187.0,1
Baghdad,2017-12-15,54.59791666666667,0.0,22,40710,9414,168,982.0,44.0,61.55238095238095,0.002857142857142857,104.0,31929.0,5984.0,1120.0,-22.0,8781.0,3430.0,64.0,-138.0,2
Diyala,2017-12-15,56.46145833333333,0.0013541666666666667,7,46725,9439,0,1039.0,4.0,62.88571428571428,0.004285714285714286,1.0,49428.0,9194.0,460.0,3.0,-2703.0,245.0,-1.0,579.0,3
Erbil,2017-12-15,50.00729166666667,0.07375,3,43736,12997,34,3462.0,3.0,52.930952380952384,0.07666666666666666,63.0,26934.0,5782.0,104.0,0.0,16802.0,7215.0,-29.0,3358.0,4
Kirkuk,2017-12-15,54.2046875,0.031718750000000004,18,6637,2180,14,113.0,0.0,57.767857142857146,0.04732142857142858,12.0,6750.0,1559.0,188.0,18.0,-113.0,621.0,2.0,-75.0,5
Ninewa,2017-12-15,51.48671875,0.04765625,40,30395,9742,12,1023.0,35.0,55.7,0.021428571428571432,7.0,28689.0,7165.0,1108.0,5.0,1706.0,2577.0,5.0,-85.0,6
Salahal Din,2017-12-15,54.793749999999996,0.008392857142857143,21,35796,20881,17,450.0,69.0,60.51836734693878,0.0067346938775510205,11.0,16036.0,3593.0,523.0,-48.0,19760.0,17288.0,6.0,-73.0,7
Anbar,2017-12-31,56.708035714285714,0.005178571428571429,0,18051,2331,29,404.0,32.0,53.98839285714285,0.00026785714285714287,13.0,10694.0,2984.0,601.0,-32.0,7357.0,-653.0,16.0,-197.0,0
Babylon,2017-12-31,57.81249999999999,0.0009375,6,17260,5279,0,265.0,4.0,54.6640625,0.0,0.0,21294.0,13260.0,494.0,2.0,-4034.0,-7981.0,0.0,-229.0,1
Baghdad,2017-12-31,58.85277777777778,0.0,25,41154,10094,50,9101.0,22.0,54.59791666666667,0.0,168.0,40710.0,9414.0,982.0,3.0,444.0,680.0,-118.0,8119.0,2
Diyala,2017-12-31,61.21041666666665,0.0046875,7,74646,19063,7,4043.0,7.0,56.46145833333333,0.0013541666666666667,0.0,46725.0,9439.0,1039.0,0.0,27921.0,9624.0,7.0,3004.0,3
Erbil,2017-12-31,55.156250000000014,0.0025,0,29681,6654,57,494.0,3.0,50.00729166666667,0.07375,34.0,43736.0,12997.0,3462.0,-3.0,-14055.0,-6343.0,23.0,-2968.0,4
Kirkuk,2017-12-31,59.58125000000001,0.00375,16,12152,4283,30,77.0,18.0,54.2046875,0.031718750000000004,14.0,6637.0,2180.0,113.0,-2.0,5515.0,2103.0,16.0,-36.0,5
Ninewa,2017-12-31,57.12890625000001,0.0034375,18,54575,18045,17,2156.0,40.0,51.48671875,0.04765625,12.0,30395.0,9742.0,1023.0,-22.0,24180.0,8303.0,5.0,1133.0,6
Salahal Din,2017-12-31,60.18839285714285,0.0025,13,20339,4798,15,473.0,21.0,54.793749999999996,0.008392857142857143,17.0,35796.0,20881.0,450.0,-8.0,-15457.0,-16083.0,-2.0,23.0,7
