,Date,Gov,Temp,Precip
0,2015-06-04,Anbar,93.09,0.0
1,2015-06-22,Anbar,94.57,0.0
2,2015-07-02,Anbar,94.63,0.0
3,2015-07-13,Anbar,99.96,0.0
4,2015-07-30,Anbar,102.89,0.0
5,2015-08-13,Anbar,103.95,0.0
6,2015-08-27,Anbar,101.99,0.0
7,2015-09-10,Anbar,98.7,0.0
8,2015-09-29,Anbar,95.89,0.0
9,2015-10-22,Anbar,85.71,0.0
10,2015-11-05,Anbar,73.68,0.06
11,2015-11-19,Anbar,63.76,0.05
12,2015-12-03,Anbar,60.84,0.01
13,2015-12-17,Anbar,51.05,0.01
14,2016-01-07,Anbar,52.42,0.05
15,2016-01-21,Anbar,55.91,0.0
16,2016-02-04,Anbar,50.19,0.0
17,2016-02-17,Anbar,59.61,0.06
18,2016-03-02,Anbar,67.79,0.03
19,2016-03-17,Anbar,70.08,0.0
20,2016-03-31,Anbar,69.07,0.04
21,2016-04-14,Anbar,75.32,0.04
22,2016-04-28,Anbar,83.46,0.0
23,2016-05-12,Anbar,87.31,0.0
24,2016-05-26,Anbar,93.28,0.0
25,2016-06-08,Anbar,96.64,0.0
26,2016-06-22,Anbar,98.33,0.0
27,2016-07-03,Anbar,105.02,0.0
28,2016-07-22,Anbar,105.06,0.0
29,2016-08-03,Anbar,106.27,0.0
30,2016-08-17,Anbar,106.39,0.0
31,2016-09-01,Anbar,106.21,0.0
32,2016-09-15,Anbar,99.39,0.0
33,2016-09-28,Anbar,91.46,0.0
34,2016-10-13,Anbar,86.81,0.0
35,2016-10-27,Anbar,84.12,0.0
36,2016-11-09,Anbar,74.44,0.0
37,2016-11-24,Anbar,69.25,0.0
38,2016-12-08,Anbar,52.97,0.0
39,2016-12-22,Anbar,49.57,0.0
40,2015-06-04,Babylon,93.48,0.0
41,2015-06-22,Babylon,93.23,0.0
42,2015-07-02,Babylon,93.46,0.0
43,2015-07-13,Babylon,99.9,0.0
44,2015-07-30,Babylon,102.14,0.0
45,2015-08-13,Babylon,101.65,0.0
46,2015-08-27,Babylon,100.05,0.0
47,2015-09-10,Babylon,99.04,0.0
48,2015-09-29,Babylon,93.48,0.0
49,2015-10-22,Babylon,85.94,0.0
50,2015-11-05,Babylon,73.82,0.2
51,2015-11-19,Babylon,64.56,0.12
52,2015-12-03,Babylon,60.8,0.0
53,2015-12-17,Babylon,51.15,0.01
54,2016-01-07,Babylon,51.15,0.08
55,2016-01-21,Babylon,54.67,0.09
56,2016-02-04,Babylon,50.61,0.01
57,2016-02-17,Babylon,57.12,0.01
58,2016-03-02,Babylon,64.71,0.13
59,2016-03-17,Babylon,67.02,0.0
60,2016-03-31,Babylon,67.06,0.12
61,2016-04-14,Babylon,72.23,0.05
62,2016-04-28,Babylon,79.42,0.0
63,2016-05-12,Babylon,84.34,0.01
64,2016-05-26,Babylon,88.39,0.01
65,2016-06-08,Babylon,90.97,0.0
66,2016-06-22,Babylon,94.18,0.0
67,2016-07-03,Babylon,99.78,0.2
68,2016-07-22,Babylon,99.97,0.0
69,2016-08-03,Babylon,99.72,0.0
70,2016-08-17,Babylon,99.86,0.0
71,2016-09-01,Babylon,100.28,0.0
72,2016-09-15,Babylon,93.79,0.0
73,2016-09-28,Babylon,86.71,0.0
74,2016-10-13,Babylon,81.47,0.0
75,2016-10-27,Babylon,79.56,0.0
76,2016-11-09,Babylon,71.34,0.0
77,2016-11-24,Babylon,62.81,0.0
78,2016-12-08,Babylon,50.6,0.0
79,2016-12-22,Babylon,48.69,0.0
80,2015-06-04,Baghdad,93.61,0.0
81,2015-06-22,Baghdad,94.97,0.0
82,2015-07-02,Baghdad,95.35,0.0
83,2015-07-13,Baghdad,99.94,0.0
84,2015-07-30,Baghdad,103.3,0.0
85,2015-08-13,Baghdad,103.17,0.0
86,2015-08-27,Baghdad,100.12,0.0
87,2015-09-10,Baghdad,98.63,0.0
88,2015-09-29,Baghdad,93.89,0.0
89,2015-10-22,Baghdad,85.19,0.0
90,2015-11-05,Baghdad,72.89,0.3
91,2015-11-19,Baghdad,64.07,0.11
92,2015-12-03,Baghdad,61.11,0.0
93,2015-12-17,Baghdad,51.72,0.03
94,2016-01-07,Baghdad,52.22,0.05
95,2016-01-21,Baghdad,54.71,0.01
96,2016-02-04,Baghdad,50.84,0.02
97,2016-02-17,Baghdad,56.7,0.02
98,2016-03-02,Baghdad,64.79,0.06
99,2016-03-17,Baghdad,66.92,0.0
100,2016-03-31,Baghdad,64.66,0.07
101,2016-04-14,Baghdad,72.69,0.03
102,2016-04-28,Baghdad,80.27,0.01
103,2016-05-12,Baghdad,84.12,0.17
104,2016-05-26,Baghdad,89.01,0.0
105,2016-06-08,Baghdad,90.77,0.0
106,2016-06-22,Baghdad,93.78,0.0
107,2016-07-03,Baghdad,101.12,0.0
108,2016-07-22,Baghdad,101.23,0.0
109,2016-08-03,Baghdad,101.75,0.0
110,2016-08-17,Baghdad,101.75,0.0
111,2016-09-01,Baghdad,100.04,0.0
112,2016-09-15,Baghdad,94.49,0.0
113,2016-09-28,Baghdad,88.43,0.0
114,2016-10-13,Baghdad,83.22,0.0
115,2016-10-27,Baghdad,80.35,0.0
116,2016-11-09,Baghdad,71.09,0.0
117,2016-11-24,Baghdad,63.19,0.0
118,2016-12-08,Baghdad,53.61,0.0
119,2016-12-22,Baghdad,49.23,0.0
120,2015-06-04,Basrah,100.31,0.0
121,2015-06-22,Basrah,100.63,0.0
122,2015-07-02,Basrah,97.96,0.0
123,2015-07-13,Basrah,102.53,0.0
124,2015-07-30,Basrah,105.17,0.0
125,2015-08-13,Basrah,104.57,0.0
126,2015-08-27,Basrah,103.87,0.0
127,2015-09-10,Basrah,100.55,0.0
128,2015-09-29,Basrah,95.1,0.0
129,2015-10-22,Basrah,86.6,0.0
130,2015-11-05,Basrah,78.06,0.04
131,2015-11-19,Basrah,69.98,0.01
132,2015-12-03,Basrah,65.37,0.0
133,2015-12-17,Basrah,54.49,0.03
134,2016-01-07,Basrah,54.51,0.04
135,2016-01-21,Basrah,57.09,0.02
136,2016-02-04,Basrah,54.17,0.0
137,2016-02-17,Basrah,59.95,0.0
138,2016-03-02,Basrah,67.27,0.02
139,2016-03-17,Basrah,72.1,0.0
140,2016-03-31,Basrah,70.55,0.03
141,2016-04-14,Basrah,75.56,0.02
142,2016-04-28,Basrah,80.07,0.0
143,2016-05-12,Basrah,89.63,0.0
144,2016-05-26,Basrah,94.59,0.0
145,2016-06-08,Basrah,96.08,0.0
146,2016-06-22,Basrah,98.45,0.0
147,2016-07-03,Basrah,103.69,0.0
148,2016-07-22,Basrah,102.6,0.0
149,2016-08-03,Basrah,103.2,0.0
150,2016-08-17,Basrah,102.79,0.0
151,2016-09-01,Basrah,101.18,0.0
152,2016-09-15,Basrah,96.67,0.0
153,2016-09-28,Basrah,91.67,0.0
154,2016-10-13,Basrah,83.76,0.0
155,2016-10-27,Basrah,81.93,0.0
156,2016-11-09,Basrah,73.79,0.0
157,2016-11-24,Basrah,66.1,0.0
158,2016-12-08,Basrah,60.5,0.0
159,2016-12-22,Basrah,52.19,0.0
160,2015-06-04,Dahuk,86.73,0.01
161,2015-06-22,Dahuk,93.68,0.0
162,2015-07-02,Dahuk,93.84,0.0
163,2015-07-13,Dahuk,101.62,0.0
164,2015-07-30,Dahuk,100.73,0.0
165,2015-08-13,Dahuk,102.03,0.0
166,2015-08-27,Dahuk,98.05,0.0
167,2015-09-10,Dahuk,95.3,0.03
168,2015-09-29,Dahuk,92.0,0.0
169,2015-10-22,Dahuk,80.26,0.03
170,2015-11-05,Dahuk,69.06,0.11
171,2015-11-19,Dahuk,57.87,0.4
172,2015-12-03,Dahuk,57.28,0.16
173,2015-12-17,Dahuk,48.87,0.13
174,2016-01-07,Dahuk,49.45,0.18
175,2016-01-21,Dahuk,48.95,0.11
176,2016-02-04,Dahuk,44.6,0.05
177,2016-02-17,Dahuk,51.85,0.0
178,2016-03-02,Dahuk,61.22,0.05
179,2016-03-17,Dahuk,61.68,0.16
180,2016-03-31,Dahuk,55.93,0.19
181,2016-04-14,Dahuk,64.47,0.24
182,2016-04-28,Dahuk,72.15,0.13
183,2016-05-12,Dahuk,76.97,0.05
184,2016-05-26,Dahuk,84.29,0.02
185,2016-06-08,Dahuk,85.88,0.01
186,2016-06-22,Dahuk,91.68,0.0
187,2016-07-03,Dahuk,100.2,0.0
188,2016-07-22,Dahuk,101.5,0.0
189,2016-08-03,Dahuk,100.77,0.0
190,2016-08-17,Dahuk,100.97,0.0
191,2016-09-01,Dahuk,100.66,0.0
192,2016-09-15,Dahuk,92.37,0.0
193,2016-09-28,Dahuk,84.66,0.0
194,2016-10-13,Dahuk,81.45,0.0
195,2016-10-27,Dahuk,75.2,0.0
196,2016-11-09,Dahuk,65.44,0.02
197,2016-11-24,Dahuk,62.32,0.0
198,2016-12-08,Dahuk,43.87,0.0
199,2016-12-22,Dahuk,42.86,0.22
200,2015-06-04,Diyala,95.73,0.0
201,2015-06-22,Diyala,98.34,0.0
202,2015-07-02,Diyala,96.22,0.0
203,2015-07-13,Diyala,101.41,0.0
204,2015-07-30,Diyala,104.45,0.0
205,2015-08-13,Diyala,104.79,0.0
206,2015-08-27,Diyala,101.76,0.0
207,2015-09-10,Diyala,101.51,0.0
208,2015-09-29,Diyala,95.92,0.0
209,2015-10-22,Diyala,86.14,0.0
210,2015-11-05,Diyala,72.15,0.28
211,2015-11-19,Diyala,63.27,0.23
212,2015-12-03,Diyala,62.13,0.02
213,2015-12-17,Diyala,52.55,0.09
214,2016-01-07,Diyala,52.21,0.07
215,2016-01-21,Diyala,54.97,0.02
216,2016-02-04,Diyala,51.27,0.03
217,2016-02-17,Diyala,56.74,0.04
218,2016-03-02,Diyala,64.91,0.1
219,2016-03-17,Diyala,67.99,0.03
220,2016-03-31,Diyala,64.71,0.13
221,2016-04-14,Diyala,72.07,0.12
222,2016-04-28,Diyala,80.89,0.01
223,2016-05-12,Diyala,85.07,0.02
224,2016-05-26,Diyala,91.29,0.01
225,2016-06-08,Diyala,94.24,0.0
226,2016-06-22,Diyala,96.91,0.0
227,2016-07-03,Diyala,104.23,0.0
228,2016-07-22,Diyala,104.09,0.0
229,2016-08-03,Diyala,105.26,0.0
230,2016-08-17,Diyala,105.82,0.0
231,2016-09-01,Diyala,105.22,0.0
232,2016-09-15,Diyala,97.88,0.0
233,2016-09-28,Diyala,91.07,0.0
234,2016-10-13,Diyala,85.21,0.0
235,2016-10-27,Diyala,81.57,0.0
236,2016-11-09,Diyala,71.91,0.0
237,2016-11-24,Diyala,68.36,0.0
238,2016-12-08,Diyala,54.18,0.0
239,2016-12-22,Diyala,48.92,0.02
240,2015-06-04,Erbil,85.33,0.0
241,2015-06-22,Erbil,88.26,0.01
242,2015-07-02,Erbil,90.07,0.0
243,2015-07-13,Erbil,95.43,0.0
244,2015-07-30,Erbil,97.37,0.0
245,2015-08-13,Erbil,98.96,0.0
246,2015-08-27,Erbil,95.0,0.0
247,2015-09-10,Erbil,90.56,0.0
248,2015-09-29,Erbil,87.67,0.0
249,2015-10-22,Erbil,77.43,0.03
250,2015-11-05,Erbil,66.11,0.06
251,2015-11-19,Erbil,56.98,0.26
252,2015-12-03,Erbil,55.57,0.08
253,2015-12-17,Erbil,46.71,0.12
254,2016-01-07,Erbil,45.91,0.18
255,2016-01-21,Erbil,48.77,0.04
256,2016-02-04,Erbil,43.52,0.04
257,2016-02-17,Erbil,50.84,0.04
258,2016-03-02,Erbil,57.69,0.02
259,2016-03-17,Erbil,58.49,0.09
260,2016-03-31,Erbil,55.37,0.14
261,2016-04-14,Erbil,62.77,0.1
262,2016-04-28,Erbil,69.32,0.08
263,2016-05-12,Erbil,72.8,0.06
264,2016-05-26,Erbil,80.53,0.02
265,2016-06-08,Erbil,84.06,0.0
266,2016-06-22,Erbil,88.82,0.01
267,2016-07-03,Erbil,96.28,0.0
268,2016-07-22,Erbil,97.5,0.0
269,2016-08-03,Erbil,96.25,0.0
270,2016-08-17,Erbil,96.61,0.0
271,2016-09-01,Erbil,97.14,0.0
272,2016-09-15,Erbil,88.95,0.0
273,2016-09-28,Erbil,81.44,0.0
274,2016-10-13,Erbil,78.12,0.0
275,2016-10-27,Erbil,73.0,0.0
276,2016-11-09,Erbil,64.93,0.02
277,2016-11-24,Erbil,59.18,0.0
278,2016-12-08,Erbil,48.99,0.0
279,2016-12-22,Erbil,42.27,0.11
280,2015-06-04,Kerbala,94.69,0.0
281,2015-06-22,Kerbala,96.01,0.0
282,2015-07-02,Kerbala,94.99,0.0
283,2015-07-13,Kerbala,99.93,0.0
284,2015-07-30,Kerbala,104.52,0.0
285,2015-08-13,Kerbala,103.42,0.0
286,2015-08-27,Kerbala,100.83,0.0
287,2015-09-10,Kerbala,99.3,0.0
288,2015-09-29,Kerbala,95.09,0.0
289,2015-10-22,Kerbala,85.14,0.0
290,2015-11-05,Kerbala,73.1,0.11
291,2015-11-19,Kerbala,63.82,0.08
292,2015-12-03,Kerbala,61.16,0.0
293,2015-12-17,Kerbala,51.56,0.01
294,2016-01-07,Kerbala,51.35,0.04
295,2016-01-21,Kerbala,54.87,0.0
296,2016-02-04,Kerbala,50.15,0.01
297,2016-02-17,Kerbala,57.08,0.0
298,2016-03-02,Kerbala,64.93,0.07
299,2016-03-17,Kerbala,68.31,0.01
300,2016-03-31,Kerbala,66.46,0.24
301,2016-04-14,Kerbala,73.36,0.02
302,2016-04-28,Kerbala,80.88,0.0
303,2016-05-12,Kerbala,85.82,0.01
304,2016-05-26,Kerbala,90.06,0.0
305,2016-06-08,Kerbala,92.51,0.0
306,2016-06-22,Kerbala,94.75,0.0
307,2016-07-03,Kerbala,102.01,0.0
308,2016-07-22,Kerbala,102.51,0.0
309,2016-08-03,Kerbala,103.09,0.0
310,2016-08-17,Kerbala,103.07,0.0
311,2016-09-01,Kerbala,102.37,0.0
312,2016-09-15,Kerbala,95.99,0.0
313,2016-09-28,Kerbala,89.84,0.0
314,2016-10-13,Kerbala,82.77,0.0
315,2016-10-27,Kerbala,80.68,0.0
316,2016-11-09,Kerbala,71.2,0.0
317,2016-11-24,Kerbala,64.42,0.0
318,2016-12-08,Kerbala,53.66,0.0
319,2016-12-22,Kerbala,48.89,0.26
320,2015-06-04,Kirkuk,91.01,0.0
321,2015-06-22,Kirkuk,93.99,0.0
322,2015-07-02,Kirkuk,94.66,0.0
323,2015-07-13,Kirkuk,99.83,0.0
324,2015-07-30,Kirkuk,103.44,0.0
325,2015-08-13,Kirkuk,102.49,0.0
326,2015-08-27,Kirkuk,99.24,0.0
327,2015-09-10,Kirkuk,97.25,0.0
328,2015-09-29,Kirkuk,92.99,0.0
329,2015-10-22,Kirkuk,82.65,0.01
330,2015-11-05,Kirkuk,70.15,0.05
331,2015-11-19,Kirkuk,60.36,0.21
332,2015-12-03,Kirkuk,59.31,0.01
333,2015-12-17,Kirkuk,49.81,0.03
334,2016-01-07,Kirkuk,50.11,0.05
335,2016-01-21,Kirkuk,51.99,0.03
336,2016-02-04,Kirkuk,47.87,0.0
337,2016-02-17,Kirkuk,54.24,0.05
338,2016-03-02,Kirkuk,61.51,0.04
339,2016-03-17,Kirkuk,62.29,0.03
340,2016-03-31,Kirkuk,58.57,0.09
341,2016-04-14,Kirkuk,67.41,0.11
342,2016-04-28,Kirkuk,75.17,0.03
343,2016-05-12,Kirkuk,79.42,0.0
344,2016-05-26,Kirkuk,87.11,0.0
345,2016-06-08,Kirkuk,88.68,0.0
346,2016-06-22,Kirkuk,92.51,0.0
347,2016-07-03,Kirkuk,102.02,0.0
348,2016-07-22,Kirkuk,101.96,0.0
349,2016-08-03,Kirkuk,101.21,0.0
350,2016-08-17,Kirkuk,100.98,0.0
351,2016-09-01,Kirkuk,103.35,0.0
352,2016-09-15,Kirkuk,94.85,0.0
353,2016-09-28,Kirkuk,86.45,0.0
354,2016-10-13,Kirkuk,83.45,0.0
355,2016-10-27,Kirkuk,78.57,0.0
356,2016-11-09,Kirkuk,67.07,0.0
357,2016-11-24,Kirkuk,64.87,0.0
358,2016-12-08,Kirkuk,51.05,0.0
359,2016-12-22,Kirkuk,45.39,0.05
360,2015-06-04,Missan,98.41,0.0
361,2015-06-22,Missan,100.88,0.0
362,2015-07-02,Missan,99.21,0.0
363,2015-07-13,Missan,103.06,0.0
364,2015-07-30,Missan,105.14,0.0
365,2015-08-13,Missan,105.69,0.0
366,2015-08-27,Missan,104.04,0.0
367,2015-09-10,Missan,101.31,0.0
368,2015-09-29,Missan,95.76,0.0
369,2015-10-22,Missan,85.74,0.0
370,2015-11-05,Missan,74.99,0.15
371,2015-11-19,Missan,67.05,0.29
372,2015-12-03,Missan,63.37,0.08
373,2015-12-17,Missan,53.16,0.05
374,2016-01-07,Missan,53.93,0.03
375,2016-01-21,Missan,55.51,0.01
376,2016-02-04,Missan,53.26,0.0
377,2016-02-17,Missan,59.11,0.01
378,2016-03-02,Missan,66.21,0.08
379,2016-03-17,Missan,68.86,0.04
380,2016-03-31,Missan,68.14,0.05
381,2016-04-14,Missan,74.07,0.24
382,2016-04-28,Missan,80.81,0.07
383,2016-05-12,Missan,87.52,0.04
384,2016-05-26,Missan,92.74,0.0
385,2016-06-08,Missan,94.91,0.0
386,2016-06-22,Missan,97.48,0.0
387,2016-07-03,Missan,102.74,0.0
388,2016-07-22,Missan,102.89,0.0
389,2016-08-03,Missan,104.12,0.0
390,2016-08-17,Missan,104.73,0.0
391,2016-09-01,Missan,101.28,0.0
392,2016-09-15,Missan,97.21,0.0
393,2016-09-28,Missan,91.36,0.0
394,2016-10-13,Missan,83.74,0.15
395,2016-10-27,Missan,82.19,0.0
396,2016-11-09,Missan,73.95,0.0
397,2016-11-24,Missan,66.92,0.0
398,2016-12-08,Missan,57.7,0.0
399,2016-12-22,Missan,51.65,0.0
400,2015-06-04,Muthanna,97.13,0.0
401,2015-06-22,Muthanna,97.83,0.0
402,2015-07-02,Muthanna,96.01,0.0
403,2015-07-13,Muthanna,100.48,0.0
404,2015-07-30,Muthanna,104.16,0.0
405,2015-08-13,Muthanna,102.99,0.0
406,2015-08-27,Muthanna,100.9,0.0
407,2015-09-10,Muthanna,94.89,0.0
408,2015-09-29,Muthanna,94.89,0.0
409,2015-10-22,Muthanna,86.77,0.0
410,2015-11-05,Muthanna,76.68,0.03
411,2015-11-19,Muthanna,66.65,0.04
412,2015-12-03,Muthanna,63.05,0.02
413,2015-12-17,Muthanna,53.87,0.0
414,2016-01-07,Muthanna,53.48,0.0
415,2016-01-21,Muthanna,55.63,0.0
416,2016-02-04,Muthanna,53.02,0.0
417,2016-02-17,Muthanna,57.98,0.03
418,2016-03-02,Muthanna,65.07,0.03
419,2016-03-17,Muthanna,70.06,0.01
420,2016-03-31,Muthanna,68.62,0.02
421,2016-04-14,Muthanna,75.69,0.01
422,2016-04-28,Muthanna,78.77,0.02
423,2016-05-12,Muthanna,87.86,0.0
424,2016-05-26,Muthanna,91.47,0.0
425,2016-06-08,Muthanna,93.74,0.0
426,2016-06-22,Muthanna,96.16,0.0
427,2016-07-03,Muthanna,101.88,0.0
428,2016-07-22,Muthanna,101.67,0.0
429,2016-08-03,Muthanna,102.87,0.0
430,2016-08-17,Muthanna,102.17,0.0
431,2016-09-01,Muthanna,101.95,0.0
432,2016-09-15,Muthanna,95.14,0.0
433,2016-09-28,Muthanna,90.39,0.0
434,2016-10-13,Muthanna,83.48,0.0
435,2016-10-27,Muthanna,82.23,0.0
436,2016-11-09,Muthanna,73.14,0.0
437,2016-11-24,Muthanna,65.6,0.0
438,2016-12-08,Muthanna,57.28,0.0
439,2016-12-22,Muthanna,50.21,0.0
440,2015-06-04,Najaf,95.78,0.0
441,2015-06-22,Najaf,96.97,0.0
442,2015-07-02,Najaf,96.08,0.0
443,2015-07-13,Najaf,101.51,0.0
444,2015-07-30,Najaf,104.79,0.0
445,2015-08-13,Najaf,104.59,0.0
446,2015-08-27,Najaf,101.55,0.0
447,2015-09-10,Najaf,99.36,0.0
448,2015-09-29,Najaf,95.18,0.0
449,2015-10-22,Najaf,85.22,0.0
450,2015-11-05,Najaf,74.15,0.12
451,2015-11-19,Najaf,64.71,0.05
452,2015-12-03,Najaf,61.63,0.03
453,2015-12-17,Najaf,52.81,0.01
454,2016-01-07,Najaf,52.33,0.04
455,2016-01-21,Najaf,55.5,0.0
456,2016-02-04,Najaf,51.73,0.0
457,2016-02-17,Najaf,58.0,0.01
458,2016-03-02,Najaf,65.13,0.07
459,2016-03-17,Najaf,68.84,0.01
460,2016-03-31,Najaf,67.44,0.05
461,2016-04-14,Najaf,74.87,0.02
462,2016-04-28,Najaf,79.99,0.01
463,2016-05-12,Najaf,86.74,0.0
464,2016-05-26,Najaf,91.31,0.0
465,2016-06-08,Najaf,93.0,0.0
466,2016-06-22,Najaf,96.57,0.0
467,2016-07-03,Najaf,103.26,0.0
468,2016-07-22,Najaf,103.02,0.0
469,2016-08-03,Najaf,102.78,0.0
470,2016-08-17,Najaf,103.11,0.0
471,2016-09-01,Najaf,102.51,0.0
472,2016-09-15,Najaf,96.58,0.0
473,2016-09-28,Najaf,89.77,0.0
474,2016-10-13,Najaf,84.86,0.0
475,2016-10-27,Najaf,81.75,0.0
476,2016-11-09,Najaf,72.74,0.0
477,2016-11-24,Najaf,65.35,0.0
478,2016-12-08,Najaf,57.69,0.0
479,2016-12-22,Najaf,49.08,0.0
480,2015-06-04,Qadissiya,95.51,0.0
481,2015-06-22,Qadissiya,95.33,0.0
482,2015-07-02,Qadissiya,95.09,0.0
483,2015-07-13,Qadissiya,98.66,0.0
484,2015-07-30,Qadissiya,102.57,0.0
485,2015-08-13,Qadissiya,102.34,0.0
486,2015-08-27,Qadissiya,100.69,0.0
487,2015-09-10,Qadissiya,99.5,0.0
488,2015-09-29,Qadissiya,94.63,0.0
489,2015-10-22,Qadissiya,86.26,0.0
490,2015-11-05,Qadissiya,75.66,0.01
491,2015-11-19,Qadissiya,65.43,0.12
492,2015-12-03,Qadissiya,62.28,0.03
493,2015-12-17,Qadissiya,53.29,0.0
494,2016-01-07,Qadissiya,52.86,0.02
495,2016-01-21,Qadissiya,55.34,0.01
496,2016-02-04,Qadissiya,52.38,0.01
497,2016-02-17,Qadissiya,57.96,0.01
498,2016-03-02,Qadissiya,65.35,0.03
499,2016-03-17,Qadissiya,68.66,0.0
500,2016-03-31,Qadissiya,67.27,0.02
501,2016-04-14,Qadissiya,74.87,0.02
502,2016-04-28,Qadissiya,80.7,0.0
503,2016-05-12,Qadissiya,86.17,0.0
504,2016-05-26,Qadissiya,90.01,0.0
505,2016-06-08,Qadissiya,92.74,0.0
506,2016-06-22,Qadissiya,95.11,0.0
507,2016-07-03,Qadissiya,100.85,0.0
508,2016-07-22,Qadissiya,101.19,0.0
509,2016-08-03,Qadissiya,102.24,0.0
510,2016-08-17,Qadissiya,100.91,0.0
511,2016-09-01,Qadissiya,100.75,0.0
512,2016-09-15,Qadissiya,95.15,0.0
513,2016-09-28,Qadissiya,89.39,0.0
514,2016-10-13,Qadissiya,83.36,0.0
515,2016-10-27,Qadissiya,82.01,0.0
516,2016-11-09,Qadissiya,72.61,0.0
517,2016-11-24,Qadissiya,64.3,0.0
518,2016-12-08,Qadissiya,54.27,0.0
519,2016-12-22,Qadissiya,50.44,0.0
520,2015-06-04,Salahal Din,95.23,0.0
521,2015-06-22,Salahal Din,95.64,0.0
522,2015-07-02,Salahal Din,94.72,0.0
523,2015-07-13,Salahal Din,102.04,0.0
524,2015-07-30,Salahal Din,106.03,0.0
525,2015-08-13,Salahal Din,104.6,0.0
526,2015-08-27,Salahal Din,104.0,0.0
527,2015-09-10,Salahal Din,101.68,0.0
528,2015-09-29,Salahal Din,98.95,0.0
529,2015-10-22,Salahal Din,88.47,0.0
530,2015-11-05,Salahal Din,74.65,0.28
531,2015-11-19,Salahal Din,66.88,0.24
532,2015-12-03,Salahal Din,66.11,0.0
533,2015-12-17,Salahal Din,54.4,0.06
534,2016-01-07,Salahal Din,55.04,0.08
535,2016-01-21,Salahal Din,56.99,0.02
536,2016-02-04,Salahal Din,50.5,0.01
537,2016-02-17,Salahal Din,57.11,0.02
538,2016-03-02,Salahal Din,65.72,0.05
539,2016-03-17,Salahal Din,68.98,0.0
540,2016-03-31,Salahal Din,64.68,0.24
541,2016-04-14,Salahal Din,72.81,0.12
542,2016-04-28,Salahal Din,81.98,0.0
543,2016-05-12,Salahal Din,88.17,0.0
544,2016-05-26,Salahal Din,91.53,0.0
545,2016-06-08,Salahal Din,94.81,0.0
546,2016-06-22,Salahal Din,98.03,0.0
547,2016-07-03,Salahal Din,106.73,0.0
548,2016-07-22,Salahal Din,106.1,0.0
549,2016-08-03,Salahal Din,105.68,0.0
550,2016-08-17,Salahal Din,105.53,0.0
551,2016-09-01,Salahal Din,106.75,0.0
552,2016-09-15,Salahal Din,100.23,0.0
553,2016-09-28,Salahal Din,93.63,0.0
554,2016-10-13,Salahal Din,86.75,0.0
555,2016-10-27,Salahal Din,84.42,0.0
556,2016-11-09,Salahal Din,73.45,0.0
557,2016-11-24,Salahal Din,68.65,0.0
558,2016-12-08,Salahal Din,54.82,0.03
559,2016-12-22,Salahal Din,48.89,0.03
560,2015-06-04,Sulaymaniyah,88.7,0.02
561,2015-06-22,Sulaymaniyah,91.86,0.0
562,2015-07-02,Sulaymaniyah,93.69,0.0
563,2015-07-13,Sulaymaniyah,98.94,0.0
564,2015-07-30,Sulaymaniyah,99.18,0.0
565,2015-08-13,Sulaymaniyah,101.38,0.0
566,2015-08-27,Sulaymaniyah,97.73,0.0
567,2015-09-10,Sulaymaniyah,92.09,0.02
568,2015-09-29,Sulaymaniyah,90.28,0.0
569,2015-10-22,Sulaymaniyah,79.29,0.02
570,2015-11-05,Sulaymaniyah,65.42,0.28
571,2015-11-19,Sulaymaniyah,55.38,0.51
572,2015-12-03,Sulaymaniyah,55.93,0.06
573,2015-12-17,Sulaymaniyah,46.15,0.12
574,2016-01-07,Sulaymaniyah,45.88,0.15
575,2016-01-21,Sulaymaniyah,48.86,0.07
576,2016-02-04,Sulaymaniyah,45.57,0.05
577,2016-02-17,Sulaymaniyah,51.6,0.06
578,2016-03-02,Sulaymaniyah,57.0,0.11
579,2016-03-17,Sulaymaniyah,59.99,0.12
580,2016-03-31,Sulaymaniyah,55.64,0.35
581,2016-04-14,Sulaymaniyah,63.3,0.32
582,2016-04-28,Sulaymaniyah,71.64,0.22
583,2016-05-12,Sulaymaniyah,75.39,0.03
584,2016-05-26,Sulaymaniyah,83.39,0.01
585,2016-06-08,Sulaymaniyah,87.76,0.0
586,2016-06-22,Sulaymaniyah,90.44,0.0
587,2016-07-03,Sulaymaniyah,98.34,0.0
588,2016-07-22,Sulaymaniyah,98.43,0.0
589,2016-08-03,Sulaymaniyah,98.07,0.0
590,2016-08-17,Sulaymaniyah,99.21,0.0
591,2016-09-01,Sulaymaniyah,98.01,0.0
592,2016-09-15,Sulaymaniyah,90.37,0.0
593,2016-09-28,Sulaymaniyah,83.28,0.14
594,2016-10-13,Sulaymaniyah,79.46,0.0
595,2016-10-27,Sulaymaniyah,74.04,0.01
596,2016-11-09,Sulaymaniyah,66.99,0.01
597,2016-11-24,Sulaymaniyah,60.99,0.0
598,2016-12-08,Sulaymaniyah,45.09,0.0
599,2016-12-22,Sulaymaniyah,41.98,0.14
600,2015-06-04,Thi Qar,99.17,0.0
601,2015-06-22,Thi Qar,99.95,0.0
602,2015-07-02,Thi Qar,97.88,0.0
603,2015-07-13,Thi Qar,101.93,0.0
604,2015-07-30,Thi Qar,105.48,0.0
605,2015-08-13,Thi Qar,104.99,0.0
606,2015-08-27,Thi Qar,105.06,0.0
607,2015-09-10,Thi Qar,102.29,0.0
608,2015-09-29,Thi Qar,97.94,0.0
609,2015-10-22,Thi Qar,88.33,0.0
610,2015-11-05,Thi Qar,76.89,0.02
611,2015-11-19,Thi Qar,68.11,0.03
612,2015-12-03,Thi Qar,64.42,0.03
613,2015-12-17,Thi Qar,54.65,0.02
614,2016-01-07,Thi Qar,54.42,0.02
615,2016-01-21,Thi Qar,57.07,0.0
616,2016-02-04,Thi Qar,54.42,0.0
617,2016-02-17,Thi Qar,60.21,0.0
618,2016-03-02,Thi Qar,67.27,0.05
619,2016-03-17,Thi Qar,71.11,0.03
620,2016-03-31,Thi Qar,69.87,0.02
621,2016-04-14,Thi Qar,76.52,0.04
622,2016-04-28,Thi Qar,82.11,0.01
623,2016-05-12,Thi Qar,88.61,0.01
624,2016-05-26,Thi Qar,93.09,0.0
625,2016-06-08,Thi Qar,95.48,0.17
626,2016-06-22,Thi Qar,97.99,0.0
627,2016-07-03,Thi Qar,103.49,0.0
628,2016-07-22,Thi Qar,103.17,0.0
629,2016-08-03,Thi Qar,104.68,0.0
630,2016-08-17,Thi Qar,104.57,0.0
631,2016-09-01,Thi Qar,103.49,0.0
632,2016-09-15,Thi Qar,98.84,0.0
633,2016-09-28,Thi Qar,92.71,0.0
634,2016-10-13,Thi Qar,85.71,0.0
635,2016-10-27,Thi Qar,84.19,0.0
636,2016-11-09,Thi Qar,74.71,0.0
637,2016-11-24,Thi Qar,65.5,0.0
638,2016-12-08,Thi Qar,57.53,0.0
639,2016-12-22,Thi Qar,52.0,0.0
640,2015-06-04,Wasit,97.13,0.0
641,2015-06-22,Wasit,99.12,0.0
642,2015-07-02,Wasit,97.64,0.0
643,2015-07-13,Wasit,102.1,0.0
644,2015-07-30,Wasit,105.52,0.02
645,2015-08-13,Wasit,104.82,0.0
646,2015-08-27,Wasit,103.26,0.0
647,2015-09-10,Wasit,101.02,0.0
648,2015-09-29,Wasit,95.96,0.0
649,2015-10-22,Wasit,86.07,0.0
650,2015-11-05,Wasit,74.56,0.21
651,2015-11-19,Wasit,65.65,0.26
652,2015-12-03,Wasit,62.29,0.09
653,2015-12-17,Wasit,52.53,0.06
654,2016-01-07,Wasit,53.21,0.02
655,2016-01-21,Wasit,55.3,0.02
656,2016-02-04,Wasit,52.7,0.02
657,2016-02-17,Wasit,58.56,0.01
658,2016-03-02,Wasit,66.51,0.08
659,2016-03-17,Wasit,68.56,0.02
660,2016-03-31,Wasit,66.75,0.07
661,2016-04-14,Wasit,73.83,0.23
662,2016-04-28,Wasit,81.2,0.02
663,2016-05-12,Wasit,86.75,0.02
664,2016-05-26,Wasit,91.32,0.01
665,2016-06-08,Wasit,93.83,0.0
666,2016-06-22,Wasit,96.21,0.0
667,2016-07-03,Wasit,102.9,0.0
668,2016-07-22,Wasit,102.5,0.0
669,2016-08-03,Wasit,104.02,0.0
670,2016-08-17,Wasit,104.27,0.0
671,2016-09-01,Wasit,102.4,0.0
672,2016-09-15,Wasit,97.42,0.0
673,2016-09-28,Wasit,90.61,0.0
674,2016-10-13,Wasit,84.81,0.0
675,2016-10-27,Wasit,82.68,0.0
676,2016-11-09,Wasit,74.11,0.0
677,2016-11-24,Wasit,65.69,0.0
678,2016-12-08,Wasit,55.73,0.0
679,2016-12-22,Wasit,51.11,0.0
680,2015-06-04,Ninewa,85.66,0.01
681,2015-06-22,Ninewa,89.82,0.01
682,2015-07-02,Ninewa,91.64,0.0
683,2015-07-13,Ninewa,97.15,0.0
684,2015-07-30,Ninewa,98.4,0.0
685,2015-08-13,Ninewa,100.07,0.0
686,2015-08-27,Ninewa,96.06,0.0
687,2015-09-10,Ninewa,91.59,0.01
688,2015-09-29,Ninewa,88.78,0.0
689,2015-10-22,Ninewa,78.5,0.02
690,2015-11-05,Ninewa,67.17,0.08
691,2015-11-19,Ninewa,57.35,0.28
692,2015-12-03,Ninewa,56.22,0.09
693,2015-12-17,Ninewa,47.55,0.11
694,2016-01-07,Ninewa,46.36,0.17
695,2016-01-21,Ninewa,48.96,0.07
696,2016-02-04,Ninewa,43.77,0.04
697,2016-02-17,Ninewa,51.39,0.03
698,2016-03-02,Ninewa,58.72,0.03
699,2016-03-17,Ninewa,59.59,0.11
700,2016-03-31,Ninewa,55.81,0.13
701,2016-04-14,Ninewa,63.89,0.14
702,2016-04-28,Ninewa,70.44,0.09
703,2016-05-12,Ninewa,74.34,0.05
704,2016-05-26,Ninewa,81.76,0.02
705,2016-06-08,Ninewa,85.01,0.0
706,2016-06-22,Ninewa,89.9,0.0
707,2016-07-03,Ninewa,98.06,0.0
708,2016-07-22,Ninewa,99.22,0.0
709,2016-08-03,Ninewa,98.05,0.0
710,2016-08-17,Ninewa,98.79,0.0
711,2016-09-01,Ninewa,98.9,0.0
712,2016-09-15,Ninewa,90.73,0.0
713,2016-09-28,Ninewa,83.05,0.0
714,2016-10-13,Ninewa,79.79,0.0
715,2016-10-27,Ninewa,73.95,0.0
716,2016-11-09,Ninewa,65.56,0.02
717,2016-11-24,Ninewa,59.92,0.0
718,2016-12-08,Ninewa,48.91,0.0
719,2016-12-22,Ninewa,42.47,0.16
